,Year,Month,Location,Daily global solar exposure (MJ/m*m)
0,2013,1,Essendon Airport VIC,27.04516129
1,2013,1,Melbourne Olympic Park VIC,26.72709677
2,2013,2,Essendon Airport VIC,23.51785714
3,2013,2,Melbourne Olympic Park VIC,23.89357143
4,2013,3,Essendon Airport VIC,17.01290323
5,2013,3,Melbourne Olympic Park VIC,17.18258065
6,2013,4,Essendon Airport VIC,11.06333333
7,2013,4,Melbourne Olympic Park VIC,11.10133333
8,2013,5,Essendon Airport VIC,7.490322581
9,2013,5,Melbourne Olympic Park VIC,7.540645161
10,2013,6,Essendon Airport VIC,6.19
11,2013,6,Melbourne Olympic Park VIC,6.128666667
12,2013,7,Essendon Airport VIC,7.016129032
13,2013,7,Melbourne Olympic Park VIC,7.001935484
14,2013,8,Essendon Airport VIC,9.029032258
15,2013,8,Melbourne Olympic Park VIC,9.129677419
16,2013,9,Essendon Airport VIC,13.17333333
17,2013,9,Melbourne Olympic Park VIC,12.73066667
18,2013,10,Essendon Airport VIC,15.4
19,2013,10,Melbourne Olympic Park VIC,15.33483871
20,2013,11,Essendon Airport VIC,18.75
21,2013,11,Melbourne Olympic Park VIC,19.64466667
22,2013,12,Essendon Airport VIC,22.52258065
23,2013,12,Melbourne Olympic Park VIC,22.37290323
24,2014,1,Essendon Airport VIC,25.01612903
25,2014,1,Melbourne Olympic Park VIC,25.22064516
26,2014,2,Essendon Airport VIC,21.44642857
27,2014,2,Melbourne Olympic Park VIC,21.27785714
28,2014,3,Essendon Airport VIC,14.81290323
29,2014,3,Melbourne Olympic Park VIC,14.82322581
30,2014,4,Essendon Airport VIC,9.24
31,2014,4,Melbourne Olympic Park VIC,9.095333333
32,2014,5,Essendon Airport VIC,7.496774194
33,2014,5,Melbourne Olympic Park VIC,7.281935484
34,2014,6,Essendon Airport VIC,5.88
35,2014,6,Melbourne Olympic Park VIC,5.688666667
36,2014,7,Essendon Airport VIC,7.038709677
37,2014,7,Melbourne Olympic Park VIC,6.871612903
38,2014,8,Essendon Airport VIC,10.02258065
39,2014,8,Melbourne Olympic Park VIC,9.747096774
40,2014,9,Essendon Airport VIC,13.88333333
41,2014,9,Melbourne Olympic Park VIC,14.30866667
42,2014,10,Essendon Airport VIC,17.6483871
43,2014,10,Melbourne Olympic Park VIC,17.94258065
44,2014,11,Essendon Airport VIC,21.43
45,2014,11,Melbourne Olympic Park VIC,22.05466667
46,2014,12,Essendon Airport VIC,24.25806452
47,2014,12,Melbourne Olympic Park VIC,24.11225806
48,2015,1,Essendon Airport VIC,22.7516129
49,2015,1,Melbourne Olympic Park VIC,22.78580645
50,2015,2,Essendon Airport VIC,19.63928571
51,2015,2,Melbourne Olympic Park VIC,19.85285714
52,2015,3,Essendon Airport VIC,16.01612903
53,2015,3,Melbourne Olympic Park VIC,16.31677419
54,2015,4,Essendon Airport VIC,10.95
55,2015,4,Melbourne Olympic Park VIC,11.008
56,2015,5,Essendon Airport VIC,7.606451613
57,2015,5,Melbourne Olympic Park VIC,7.447096774
58,2015,6,Essendon Airport VIC,6.543333333
59,2015,6,Melbourne Olympic Park VIC,6.646666667
60,2015,7,Essendon Airport VIC,6.970967742
61,2015,7,Melbourne Olympic Park VIC,6.871612903
62,2015,8,Essendon Airport VIC,8.748387097
63,2015,8,Melbourne Olympic Park VIC,8.987741935
64,2015,9,Essendon Airport VIC,14.58333333
65,2015,9,Melbourne Olympic Park VIC,14.63933333
66,2015,10,Essendon Airport VIC,20.07419355
67,2015,10,Melbourne Olympic Park VIC,20.18258065
68,2015,11,Essendon Airport VIC,20.84
69,2015,11,Melbourne Olympic Park VIC,20.72
70,2015,12,Essendon Airport VIC,26.60967742
71,2015,12,Melbourne Olympic Park VIC,26.92258065
72,2016,1,Essendon Airport VIC,22
73,2016,1,Melbourne Olympic Park VIC,22.39677419
74,2016,2,Essendon Airport VIC,20.85172414
75,2016,2,Melbourne Olympic Park VIC,21.34827586
76,2016,3,Essendon Airport VIC,14.56451613
77,2016,3,Melbourne Olympic Park VIC,14.5883871
78,2016,4,Essendon Airport VIC,12.11
79,2016,4,Melbourne Olympic Park VIC,12.07
80,2016,5,Essendon Airport VIC,8.341935484
81,2016,5,Melbourne Olympic Park VIC,8.110322581
82,2016,6,Essendon Airport VIC,6.746666667
83,2016,6,Melbourne Olympic Park VIC,6.504666667
84,2016,7,Essendon Airport VIC,7.506451613
85,2016,7,Melbourne Olympic Park VIC,7.250322581
86,2016,8,Essendon Airport VIC,10.33225806
87,2016,8,Melbourne Olympic Park VIC,10.07419355
88,2016,9,Essendon Airport VIC,12.57666667
89,2016,9,Melbourne Olympic Park VIC,12.72333333
90,2016,10,Essendon Airport VIC,17.76451613
91,2016,10,Melbourne Olympic Park VIC,17.36709677
92,2016,11,Essendon Airport VIC,19.42666667
93,2016,11,Melbourne Olympic Park VIC,19.40066667
94,2016,12,Essendon Airport VIC,23.86774194
95,2016,12,Melbourne Olympic Park VIC,23.68322581
96,2017,1,Essendon Airport VIC,23.15483871
97,2017,1,Melbourne Olympic Park VIC,23.30064516
98,2017,2,Essendon Airport VIC,19.86071429
99,2017,2,Melbourne Olympic Park VIC,20.45928571
100,2017,3,Essendon Airport VIC,16.63225806
101,2017,3,Melbourne Olympic Park VIC,16.69870968
102,2017,4,Essendon Airport VIC,10.65666667
103,2017,4,Melbourne Olympic Park VIC,10.72333333
104,2017,5,Essendon Airport VIC,8.461290323
105,2017,5,Melbourne Olympic Park VIC,8.267741935
106,2017,6,Essendon Airport VIC,7.213333333
107,2017,6,Melbourne Olympic Park VIC,7.148666667
108,2017,7,Essendon Airport VIC,8.235483871
109,2017,7,Melbourne Olympic Park VIC,7.933548387
110,2017,8,Essendon Airport VIC,10.25806452
111,2017,8,Melbourne Olympic Park VIC,10.09870968
112,2017,9,Essendon Airport VIC,13.07
113,2017,9,Melbourne Olympic Park VIC,12.72066667
114,2017,10,Essendon Airport VIC,18.10322581
115,2017,10,Melbourne Olympic Park VIC,18.31290323
116,2017,11,Essendon Airport VIC,22.83208812
117,2017,11,Melbourne Olympic Park VIC,22.74875479
118,2017,12,Essendon Airport VIC,22.7516129
119,2017,12,Melbourne Olympic Park VIC,22.36322581
120,2018,1,Essendon Airport VIC,23.69354839
121,2018,1,Melbourne Olympic Park VIC,23.82064516
122,2018,2,Essendon Airport VIC,20.65357143
123,2018,2,Melbourne Olympic Park VIC,20.77071429
124,2018,3,Essendon Airport VIC,16.86451613
125,2018,3,Melbourne Olympic Park VIC,16.63741935
126,2018,4,Essendon Airport VIC,11.00666667
127,2018,4,Melbourne Olympic Park VIC,10.90133333
128,2018,5,Essendon Airport VIC,7.264516129
129,2018,5,Melbourne Olympic Park VIC,7.270322581
130,2018,6,Essendon Airport VIC,7.176666667
131,2018,6,Melbourne Olympic Park VIC,7.128666667
132,2018,7,Essendon Airport VIC,8.258064516
133,2018,7,Melbourne Olympic Park VIC,7.974193548
134,2018,8,Essendon Airport VIC,10.49032258
135,2018,8,Melbourne Olympic Park VIC,10.0883871
136,2018,9,Essendon Airport VIC,14.68
137,2018,9,Melbourne Olympic Park VIC,14.66666667
138,2018,10,Essendon Airport VIC,19.06129032
139,2018,10,Melbourne Olympic Park VIC,19.07548387
140,2018,11,Essendon Airport VIC,19.56
141,2018,11,Melbourne Olympic Park VIC,19.65466667
142,2018,12,Essendon Airport VIC,21.79354839
143,2018,12,Melbourne Olympic Park VIC,22.01806452
144,2019,1,Essendon Airport VIC,25.27096774
145,2019,1,Melbourne Olympic Park VIC,25.50387097
146,2019,2,Essendon Airport VIC,21.15714286
147,2019,2,Melbourne Olympic Park VIC,21.35285714
148,2019,3,Essendon Airport VIC,15.70645161
149,2019,3,Melbourne Olympic Park VIC,15.72580645
150,2019,4,Essendon Airport VIC,11.32333333
151,2019,4,Melbourne Olympic Park VIC,11.18266667
152,2019,5,Essendon Airport VIC,8.222580645
153,2019,5,Melbourne Olympic Park VIC,7.673548387
154,2019,6,Essendon Airport VIC,7.38
155,2019,6,Melbourne Olympic Park VIC,7.17
156,2019,7,Essendon Airport VIC,7.909677419
157,2019,7,Melbourne Olympic Park VIC,7.652903226
158,2019,8,Essendon Airport VIC,9.916129032
159,2019,8,Melbourne Olympic Park VIC,10.05225806
160,2019,9,Essendon Airport VIC,14.10666667
161,2019,9,Melbourne Olympic Park VIC,14.328
162,2019,10,Essendon Airport VIC,19.17419355
163,2019,10,Melbourne Olympic Park VIC,18.74903226
164,2019,11,Essendon Airport VIC,20.21666667
165,2019,11,Melbourne Olympic Park VIC,20.41133333
166,2019,12,Essendon Airport VIC,24.88387097
167,2019,12,Melbourne Olympic Park VIC,24.68387097
168,2020,1,Essendon Airport VIC,21.91612903
169,2020,1,Melbourne Olympic Park VIC,21.73870968
170,2020,2,Essendon Airport VIC,17.63793103
171,2020,2,Melbourne Olympic Park VIC,17.84344828
172,2020,3,Essendon Airport VIC,14.75806452
173,2020,3,Melbourne Olympic Park VIC,14.32709677
174,2020,4,Essendon Airport VIC,10.07
175,2020,4,Melbourne Olympic Park VIC,9.814
176,2020,5,Essendon Airport VIC,8.593548387
177,2020,5,Melbourne Olympic Park VIC,8.305806452
178,2020,6,Essendon Airport VIC,7.513333333
179,2020,6,Melbourne Olympic Park VIC,7.547333333
180,2020,7,Essendon Airport VIC,7.738709677
181,2020,7,Melbourne Olympic Park VIC,7.725806452
182,2020,8,Essendon Airport VIC,10.61935484
183,2020,8,Melbourne Olympic Park VIC,10.51290323
184,2020,9,Essendon Airport VIC,14.48666667
185,2020,9,Melbourne Olympic Park VIC,14.45
186,2020,10,Essendon Airport VIC,16.6
187,2020,10,Melbourne Olympic Park VIC,16.54451613
188,2020,11,Essendon Airport VIC,21.65666667
189,2020,11,Melbourne Olympic Park VIC,22.07733333
190,2020,12,Essendon Airport VIC,23.05806452
191,2020,12,Melbourne Olympic Park VIC,23.08193548
192,2021,1,Essendon Airport VIC,21.90967742
193,2021,1,Melbourne Olympic Park VIC,21.86580645
194,2021,2,Essendon Airport VIC,18.975
195,2021,2,Melbourne Olympic Park VIC,19.03571429
196,2021,3,Essendon Airport VIC,13.72903226
197,2021,3,Melbourne Olympic Park VIC,13.84
198,2021,4,Essendon Airport VIC,10.75666667
199,2021,4,Melbourne Olympic Park VIC,10.26733333
200,2021,5,Essendon Airport VIC,7.970967742
201,2021,5,Melbourne Olympic Park VIC,8.021935484
202,2021,6,Essendon Airport VIC,6.84
203,2021,6,Melbourne Olympic Park VIC,6.719333333
204,2021,7,Essendon Airport VIC,7.838709677
205,2021,7,Melbourne Olympic Park VIC,7.646451613
206,2021,8,Essendon Airport VIC,10.81935484
207,2021,8,Melbourne Olympic Park VIC,10.53612903
208,2021,9,Essendon Airport VIC,14.5
209,2021,9,Melbourne Olympic Park VIC,14.16533333
210,2021,10,Essendon Airport VIC,18.43870968
211,2021,10,Melbourne Olympic Park VIC,18.40645161
212,2021,11,Essendon Airport VIC,20.66333333
213,2021,11,Melbourne Olympic Park VIC,20.81733333
214,2021,12,Essendon Airport VIC,24.28387097
215,2021,12,Melbourne Olympic Park VIC,24.40774194
216,2022,1,Essendon Airport VIC,23.9516129
217,2022,1,Melbourne Olympic Park VIC,23.60322581
218,2022,2,Essendon Airport VIC,20.57857143
219,2022,2,Melbourne Olympic Park VIC,20.80071429
220,2022,3,Essendon Airport VIC,14.99354839
221,2022,3,Melbourne Olympic Park VIC,14.65096774
222,2022,4,Essendon Airport VIC,10.02666667
223,2022,4,Melbourne Olympic Park VIC,9.927333333
224,2022,5,Essendon Airport VIC,7.587096774
225,2022,5,Melbourne Olympic Park VIC,7.540645161
226,2022,6,Essendon Airport VIC,7.066666667
227,2022,6,Melbourne Olympic Park VIC,6.894666667
228,2022,7,Essendon Airport VIC,8.177419355
229,2022,7,Melbourne Olympic Park VIC,8.068387097
230,2022,8,Essendon Airport VIC,9.890322581
231,2022,8,Melbourne Olympic Park VIC,9.715483871
232,2022,9,Essendon Airport VIC,12.73666667
233,2022,9,Melbourne Olympic Park VIC,13.032
234,2022,10,Essendon Airport VIC,16.35483871
235,2022,10,Melbourne Olympic Park VIC,16.0516129
236,2022,11,Essendon Airport VIC,19.44576628
237,2022,11,Melbourne Olympic Park VIC,18.99843295
238,2022,12,Essendon Airport VIC,25.28709677
239,2022,12,Melbourne Olympic Park VIC,24.91677419
240,2023,1,Essendon Airport VIC,23.04516129
241,2023,1,Melbourne Olympic Park VIC,23.16193548
242,2023,2,Essendon Airport VIC,19.84642857
243,2023,2,Melbourne Olympic Park VIC,19.57928571
244,2023,3,Essendon Airport VIC,14.95806452
245,2023,3,Melbourne Olympic Park VIC,14.85354839
246,2023,4,Essendon Airport VIC,10.5
247,2023,4,Melbourne Olympic Park VIC,10.486
248,2023,5,Essendon Airport VIC,8.329032258
249,2023,5,Melbourne Olympic Park VIC,8.164516129
250,2023,6,Essendon Airport VIC,7.12
251,2023,6,Melbourne Olympic Park VIC,7.078666667
252,2023,7,Essendon Airport VIC,8.287096774
253,2023,7,Melbourne Olympic Park VIC,8.234193548
254,2023,8,Essendon Airport VIC,10.3483871
255,2023,8,Melbourne Olympic Park VIC,10.11935484
256,2023,9,Essendon Airport VIC,16.15333333
257,2023,9,Melbourne Olympic Park VIC,16.25666667
258,2023,10,Essendon Airport VIC,17.91290323
259,2023,10,Melbourne Olympic Park VIC,17.52387097
260,2023,11,Essendon Airport VIC,21.20666667
261,2023,11,Melbourne Olympic Park VIC,20.81333333
262,2023,12,Essendon Airport VIC,20.68709677
263,2023,12,Melbourne Olympic Park VIC,21.10064516
264,2024,1,Essendon Airport VIC,22.49354839
265,2024,1,Melbourne Olympic Park VIC,22.39483871
266,2024,2,Essendon Airport VIC,22.05517241
267,2024,2,Melbourne Olympic Park VIC,22.31655172
268,2024,3,Essendon Airport VIC,17.48064516
269,2024,3,Melbourne Olympic Park VIC,17.29354839
270,2024,4,Essendon Airport VIC,10.26666667
271,2024,4,Melbourne Olympic Park VIC,10.22533333
272,2024,5,Essendon Airport VIC,9.177419355
273,2024,5,Melbourne Olympic Park VIC,9.057419355
274,2024,6,Essendon Airport VIC,7.306666667
275,2024,6,Melbourne Olympic Park VIC,7.082666667
276,2024,7,Essendon Airport VIC,7.570967742
277,2024,7,Melbourne Olympic Park VIC,7.374193548
278,2024,8,Essendon Airport VIC,11.24193548
279,2024,8,Melbourne Olympic Park VIC,11
280,2024,9,Essendon Airport VIC,12.24444444
281,2024,9,Melbourne Olympic Park VIC,11.38444444
