Location,Year,Month,avg_max_temp,Daily global solar exposure (MJ/m*m)
Avalon Airport VIC,2013,1,26.90322581,0
Avalon Airport VIC,2013,2,28.02142857,0
Avalon Airport VIC,2013,3,27.26129032,0
Avalon Airport VIC,2013,4,21.31,0
Avalon Airport VIC,2013,5,18.43225806,0
Avalon Airport VIC,2013,6,14.62,0
Avalon Airport VIC,2013,7,15.67096774,0
Avalon Airport VIC,2013,8,16.18709677,0
Avalon Airport VIC,2013,9,19.23333333,0
Avalon Airport VIC,2013,10,19.55483871,0
Avalon Airport VIC,2013,11,20.81333333,0
Avalon Airport VIC,2013,12,24.88387097,0
Avalon Airport VIC,2014,1,28.36333333,0
Avalon Airport VIC,2014,2,27.53928571,0
Avalon Airport VIC,2014,3,25.06129032,0
Avalon Airport VIC,2014,4,20.69666667,0
Avalon Airport VIC,2014,5,19.18387097,0
Avalon Airport VIC,2014,6,15.53,0
Avalon Airport VIC,2014,7,14.22580645,0
Avalon Airport VIC,2014,8,15.03225806,0
Avalon Airport VIC,2014,9,18.87333333,0
Avalon Airport VIC,2014,10,22.83870968,0
Avalon Airport VIC,2014,11,23.86,0
Avalon Airport VIC,2014,12,24.20322581,0
Avalon Airport VIC,2015,1,26.33225806,0
Avalon Airport VIC,2015,2,26.82142857,0
Avalon Airport VIC,2015,3,23.56129032,0
Avalon Airport VIC,2015,4,19.33333333,0
Avalon Airport VIC,2015,5,17.05483871,0
Avalon Airport VIC,2015,6,14.25333333,0
Avalon Airport VIC,2015,7,13.51612903,0
Avalon Airport VIC,2015,8,14.41612903,0
Avalon Airport VIC,2015,9,17.85333333,0
Avalon Airport VIC,2015,10,25.09354839,0
Avalon Airport VIC,2015,11,23.48666667,0
Avalon Airport VIC,2015,12,28.12580645,0
Avalon Airport VIC,2016,1,26.43225806,0
Avalon Airport VIC,2016,2,25.70689655,0
Avalon Airport VIC,2016,3,24.60645161,0
Avalon Airport VIC,2016,4,22.73333333,0
Avalon Airport VIC,2016,5,18.85483871,0
Avalon Airport VIC,2016,6,14.16333333,0
Avalon Airport VIC,2016,7,14.4,0
Avalon Airport VIC,2016,8,15.54516129,0
Avalon Airport VIC,2016,9,16.72333333,0
Avalon Airport VIC,2016,10,18.94193548,0
Avalon Airport VIC,2016,11,21.55333333,0
Avalon Airport VIC,2016,12,26.37333333,0
Avalon Airport VIC,2017,1,27.07096774,0
Avalon Airport VIC,2017,2,26.40714286,0
Avalon Airport VIC,2017,3,26.56774194,0
Avalon Airport VIC,2017,4,20.34666667,0
Avalon Airport VIC,2017,5,16.93870968,0
Avalon Airport VIC,2017,6,14.48666667,0
Avalon Airport VIC,2017,7,14.81290323,0
Avalon Airport VIC,2017,8,14.84516129,0
Avalon Airport VIC,2017,9,18.04,0
Avalon Airport VIC,2017,10,21.43870968,0
Avalon Airport VIC,2017,11,25.88666667,0
Avalon Airport VIC,2017,12,25.41724138,0
Avalon Airport VIC,2018,1,28.28666667,0
Avalon Airport VIC,2018,2,27.66428571,0
Avalon Airport VIC,2018,3,25.63548387,0
Avalon Airport VIC,2018,4,22.50666667,0
Avalon Airport VIC,2018,5,17.84193548,0
Avalon Airport VIC,2018,6,14.44137931,0
Avalon Airport VIC,2018,7,15.03225806,0
Avalon Airport VIC,2018,8,15.26129032,0
Avalon Airport VIC,2018,9,18.20333333,0
Avalon Airport VIC,2018,10,21.82580645,0
Avalon Airport VIC,2018,11,22.86333333,0
Avalon Airport VIC,2018,12,26.55806452,0
Avalon Airport VIC,2019,1,29.57333333,0
Avalon Airport VIC,2019,2,27.02142857,0
Avalon Airport VIC,2019,3,25.75806452,0
Avalon Airport VIC,2019,4,22.18666667,0
Avalon Airport VIC,2019,5,18.00967742,0
Avalon Airport VIC,2019,6,14.86333333,0
Avalon Airport VIC,2019,7,14.65483871,0
Avalon Airport VIC,2019,8,14.39032258,0
Avalon Airport VIC,2019,9,17.65666667,0
Avalon Airport VIC,2019,10,21.9483871,0
Avalon Airport VIC,2019,11,22.33333333,0
Avalon Airport VIC,2019,12,25.94516129,0
Avalon Airport VIC,2020,1,26.87419355,0
Avalon Airport VIC,2020,2,23.12068966,0
Avalon Airport VIC,2020,3,22.95483871,0
Avalon Airport VIC,2020,4,19.07333333,0
Avalon Airport VIC,2020,5,16.33548387,0
Avalon Airport VIC,2020,6,14.71,0
Avalon Airport VIC,2020,7,14.14516129,0
Avalon Airport VIC,2020,8,15.46129032,0
Avalon Airport VIC,2020,9,18.07,0
Avalon Airport VIC,2020,10,19.08387097,0
Avalon Airport VIC,2020,11,24.48666667,0
Avalon Airport VIC,2020,12,23.07741935,0
Avalon Airport VIC,2021,1,24.94516129,0
Avalon Airport VIC,2021,2,24.625,0
Avalon Airport VIC,2021,3,22.25172414,0
Avalon Airport VIC,2021,4,20.54666667,0
Avalon Airport VIC,2021,5,17.38064516,0
Avalon Airport VIC,2021,6,15.47,0
Avalon Airport VIC,2021,7,14.86451613,0
Avalon Airport VIC,2021,8,16.56451613,0
Avalon Airport VIC,2021,9,18.34333333,0
Avalon Airport VIC,2021,10,19.06129032,0
Avalon Airport VIC,2021,11,20.89333333,0
Avalon Airport VIC,2021,12,24.64516129,0
Avalon Airport VIC,2022,1,28.27741935,0
Avalon Airport VIC,2022,2,25.06785714,0
Avalon Airport VIC,2022,3,24.19354839,0
Avalon Airport VIC,2022,4,21.07931034,0
Avalon Airport VIC,2022,5,16.31612903,0
Avalon Airport VIC,2022,6,14.43666667,0
Avalon Airport VIC,2022,7,13.71935484,0
Avalon Airport VIC,2022,8,15.59032258,0
Avalon Airport VIC,2022,9,16.37931034,0
Avalon Airport VIC,2022,10,18.70322581,0
Avalon Airport VIC,2022,11,20.06666667,0
Avalon Airport VIC,2022,12,23.77096774,0
Avalon Airport VIC,2023,1,26.83225806,0
Avalon Airport VIC,2023,2,25.61428571,0
Avalon Airport VIC,2023,3,23.05483871,0
Avalon Airport VIC,2023,4,20.31,0
Avalon Airport VIC,2023,5,16.38064516,0
Avalon Airport VIC,2023,6,14.93333333,0
Avalon Airport VIC,2023,7,15.42258065,0
Avalon Airport VIC,2023,8,16.51333333,0
Avalon Airport VIC,2023,9,20.92666667,0
Avalon Airport VIC,2023,10,20.08709677,0
Avalon Airport VIC,2023,11,21.88,0
Avalon Airport VIC,2023,12,23.82333333,0
Avalon Airport VIC,2024,1,25,0
Avalon Airport VIC,2024,2,27.71481481,0
Avalon Airport VIC,2024,3,25.68387097,0
Avalon Airport VIC,2024,4,19.45,0
Avalon Airport VIC,2024,5,17.51612903,0
Avalon Airport VIC,2024,6,14.51333333,0
Avalon Airport VIC,2024,7,13.82258065,0
Avalon Airport VIC,2024,8,18.41,0
Avalon Airport VIC,2024,9,19.38,0
Breakwater Geelong Racecourse VIC,2013,1,25.96451613,0
Breakwater Geelong Racecourse VIC,2013,2,27.24642857,0
Breakwater Geelong Racecourse VIC,2013,3,27.06451613,0
Breakwater Geelong Racecourse VIC,2013,4,21.17333333,0
Breakwater Geelong Racecourse VIC,2013,5,18.14193548,0
Breakwater Geelong Racecourse VIC,2013,6,14.88333333,0
Breakwater Geelong Racecourse VIC,2013,7,15.19677419,0
Breakwater Geelong Racecourse VIC,2013,8,15.77419355,0
Breakwater Geelong Racecourse VIC,2013,9,18.82,0
Breakwater Geelong Racecourse VIC,2013,10,19.02580645,0
Breakwater Geelong Racecourse VIC,2013,11,20.25,0
Breakwater Geelong Racecourse VIC,2013,12,23.98387097,0
Breakwater Geelong Racecourse VIC,2014,1,27.32903226,0
Breakwater Geelong Racecourse VIC,2014,2,26.25357143,0
Breakwater Geelong Racecourse VIC,2014,3,24.21290323,0
Breakwater Geelong Racecourse VIC,2014,4,20.25862069,0
Breakwater Geelong Racecourse VIC,2014,5,19.02903226,0
Breakwater Geelong Racecourse VIC,2014,6,15.44666667,0
Breakwater Geelong Racecourse VIC,2014,7,14.04193548,0
Breakwater Geelong Racecourse VIC,2014,8,14.91290323,0
Breakwater Geelong Racecourse VIC,2014,9,18.48666667,0
Breakwater Geelong Racecourse VIC,2014,10,21.9516129,0
Breakwater Geelong Racecourse VIC,2014,11,22.85,0
Breakwater Geelong Racecourse VIC,2014,12,23.30967742,0
Breakwater Geelong Racecourse VIC,2015,1,25.11935484,0
Breakwater Geelong Racecourse VIC,2015,2,25.775,0
Breakwater Geelong Racecourse VIC,2015,3,23.27419355,0
Breakwater Geelong Racecourse VIC,2015,4,18.72758621,0
Breakwater Geelong Racecourse VIC,2015,5,16.69677419,0
Breakwater Geelong Racecourse VIC,2015,6,14.26,0
Breakwater Geelong Racecourse VIC,2015,7,13.39032258,0
Breakwater Geelong Racecourse VIC,2015,8,14.17419355,0
Breakwater Geelong Racecourse VIC,2015,9,17.14333333,0
Breakwater Geelong Racecourse VIC,2015,10,24.33333333,0
Breakwater Geelong Racecourse VIC,2015,11,22.83,0
Breakwater Geelong Racecourse VIC,2015,12,26.87741935,0
Breakwater Geelong Racecourse VIC,2016,1,25.61290323,0
Breakwater Geelong Racecourse VIC,2016,2,24.99655172,0
Breakwater Geelong Racecourse VIC,2016,3,23.88387097,0
Breakwater Geelong Racecourse VIC,2016,4,22.5,0
Breakwater Geelong Racecourse VIC,2016,5,18.14516129,0
Breakwater Geelong Racecourse VIC,2016,6,14.28666667,0
Breakwater Geelong Racecourse VIC,2016,7,14.41612903,0
Breakwater Geelong Racecourse VIC,2016,8,15.49354839,0
Breakwater Geelong Racecourse VIC,2016,9,16.92333333,0
Breakwater Geelong Racecourse VIC,2016,10,18.58064516,0
Breakwater Geelong Racecourse VIC,2016,11,20.5,0
Breakwater Geelong Racecourse VIC,2016,12,25.13548387,0
Breakwater Geelong Racecourse VIC,2017,1,25.96206897,0
Breakwater Geelong Racecourse VIC,2017,2,25.74642857,0
Breakwater Geelong Racecourse VIC,2017,3,25.83225806,0
Breakwater Geelong Racecourse VIC,2017,4,20.45666667,0
Breakwater Geelong Racecourse VIC,2017,5,16.95806452,0
Breakwater Geelong Racecourse VIC,2017,6,14.69,0
Breakwater Geelong Racecourse VIC,2017,7,14.69677419,0
Breakwater Geelong Racecourse VIC,2017,8,14.8,0
Breakwater Geelong Racecourse VIC,2017,9,17.13,0
Breakwater Geelong Racecourse VIC,2017,10,20.5516129,0
Breakwater Geelong Racecourse VIC,2017,11,24.57,0
Breakwater Geelong Racecourse VIC,2017,12,24.59354839,0
Breakwater Geelong Racecourse VIC,2018,1,25.825,0
Breakwater Geelong Racecourse VIC,2018,2,26.29285714,0
Breakwater Geelong Racecourse VIC,2018,3,24.92903226,0
Breakwater Geelong Racecourse VIC,2018,4,22.09666667,0
Breakwater Geelong Racecourse VIC,2018,5,17.69,0
Breakwater Geelong Racecourse VIC,2018,6,14.43666667,0
Breakwater Geelong Racecourse VIC,2018,7,14.76774194,0
Breakwater Geelong Racecourse VIC,2018,8,14.83225806,0
Breakwater Geelong Racecourse VIC,2018,9,17.11333333,0
Breakwater Geelong Racecourse VIC,2018,10,21.07741935,0
Breakwater Geelong Racecourse VIC,2018,11,22.07241379,0
Breakwater Geelong Racecourse VIC,2018,12,25.31935484,0
Breakwater Geelong Racecourse VIC,2019,1,28.12258065,0
Breakwater Geelong Racecourse VIC,2019,2,26.22142857,0
Breakwater Geelong Racecourse VIC,2019,3,25.12580645,0
Breakwater Geelong Racecourse VIC,2019,4,22.09666667,0
Breakwater Geelong Racecourse VIC,2019,5,17.8,0
Breakwater Geelong Racecourse VIC,2019,6,14.86333333,0
Breakwater Geelong Racecourse VIC,2019,7,14.67,0
Breakwater Geelong Racecourse VIC,2019,8,14.41290323,0
Breakwater Geelong Racecourse VIC,2019,9,17.20333333,0
Breakwater Geelong Racecourse VIC,2019,10,21.31290323,0
Breakwater Geelong Racecourse VIC,2019,11,21.59655172,0
Breakwater Geelong Racecourse VIC,2019,12,24.92758621,0
Breakwater Geelong Racecourse VIC,2020,1,26.22413793,0
Breakwater Geelong Racecourse VIC,2020,2,22.62413793,0
Breakwater Geelong Racecourse VIC,2020,3,23.00645161,0
Breakwater Geelong Racecourse VIC,2020,4,18.7862069,0
Breakwater Geelong Racecourse VIC,2020,5,16.49677419,0
Breakwater Geelong Racecourse VIC,2020,6,14.63333333,0
Breakwater Geelong Racecourse VIC,2020,7,13.97741935,0
Breakwater Geelong Racecourse VIC,2020,8,15.27419355,0
Breakwater Geelong Racecourse VIC,2020,9,17.76333333,0
Breakwater Geelong Racecourse VIC,2020,10,18.61612903,0
Breakwater Geelong Racecourse VIC,2020,11,23.57666667,0
Breakwater Geelong Racecourse VIC,2020,12,22.38709677,0
Breakwater Geelong Racecourse VIC,2021,1,24.13225806,0
Breakwater Geelong Racecourse VIC,2021,2,24.04642857,0
Breakwater Geelong Racecourse VIC,2021,3,22.41290323,0
Breakwater Geelong Racecourse VIC,2021,4,20.52666667,0
Breakwater Geelong Racecourse VIC,2021,5,17.39677419,0
Breakwater Geelong Racecourse VIC,2021,6,15.27,0
Breakwater Geelong Racecourse VIC,2021,7,14.55483871,0
Breakwater Geelong Racecourse VIC,2021,8,16.25,0
Breakwater Geelong Racecourse VIC,2021,9,17.82666667,0
Breakwater Geelong Racecourse VIC,2021,10,18.66451613,0
Breakwater Geelong Racecourse VIC,2021,11,19.92666667,0
Breakwater Geelong Racecourse VIC,2021,12,23.52580645,0
Breakwater Geelong Racecourse VIC,2022,1,27.21612903,0
Breakwater Geelong Racecourse VIC,2022,2,24.475,0
Breakwater Geelong Racecourse VIC,2022,3,23.72580645,0
Breakwater Geelong Racecourse VIC,2022,4,21.02,0
Breakwater Geelong Racecourse VIC,2022,5,16.39354839,0
Breakwater Geelong Racecourse VIC,2022,6,14.32,0
Breakwater Geelong Racecourse VIC,2022,7,13.56774194,0
Breakwater Geelong Racecourse VIC,2022,8,15.57741935,0
Breakwater Geelong Racecourse VIC,2022,9,16.19333333,0
Breakwater Geelong Racecourse VIC,2022,10,18.38709677,0
Breakwater Geelong Racecourse VIC,2022,11,19.66333333,0
Breakwater Geelong Racecourse VIC,2022,12,22.47407407,0
Breakwater Geelong Racecourse VIC,2023,1,25.55666667,0
Breakwater Geelong Racecourse VIC,2023,2,24.90714286,0
Breakwater Geelong Racecourse VIC,2023,3,22.83548387,0
Breakwater Geelong Racecourse VIC,2023,4,20.24333333,0
Breakwater Geelong Racecourse VIC,2023,5,16.49354839,0
Breakwater Geelong Racecourse VIC,2023,6,14.94333333,0
Breakwater Geelong Racecourse VIC,2023,7,15.34,0
Breakwater Geelong Racecourse VIC,2023,8,16.34193548,0
Breakwater Geelong Racecourse VIC,2023,9,20.29,0
Breakwater Geelong Racecourse VIC,2023,10,19.4483871,0
Breakwater Geelong Racecourse VIC,2023,11,21.2,0
Breakwater Geelong Racecourse VIC,2023,12,22.89354839,0
Breakwater Geelong Racecourse VIC,2024,1,24.70322581,0
Breakwater Geelong Racecourse VIC,2024,2,26.72413793,0
Breakwater Geelong Racecourse VIC,2024,3,25.25483871,0
Breakwater Geelong Racecourse VIC,2024,4,19.17333333,0
Breakwater Geelong Racecourse VIC,2024,5,17.49677419,0
Breakwater Geelong Racecourse VIC,2024,6,14.29642857,0
Breakwater Geelong Racecourse VIC,2024,7,14.05483871,0
Breakwater Geelong Racecourse VIC,2024,8,18.13870968,0
Breakwater Geelong Racecourse VIC,2024,9,18.32,0
Cerberus VIC,2013,1,24.86774194,0
Cerberus VIC,2013,2,26.76428571,0
Cerberus VIC,2013,3,26.40322581,0
Cerberus VIC,2013,4,19.91333333,0
Cerberus VIC,2013,5,17.20645161,0
Cerberus VIC,2013,6,14.48,0
Cerberus VIC,2013,7,14.80322581,0
Cerberus VIC,2013,8,14.97419355,0
Cerberus VIC,2013,9,18.24666667,0
Cerberus VIC,2013,10,17.99354839,0
Cerberus VIC,2013,11,19.69666667,0
Cerberus VIC,2013,12,22.31612903,0
Cerberus VIC,2014,1,26.03225806,0
Cerberus VIC,2014,2,26.11071429,0
Cerberus VIC,2014,3,24.31612903,0
Cerberus VIC,2014,4,20.05333333,0
Cerberus VIC,2014,5,18.49677419,0
Cerberus VIC,2014,6,15.14333333,0
Cerberus VIC,2014,7,13.59677419,0
Cerberus VIC,2014,8,14.79677419,0
Cerberus VIC,2014,9,17.49666667,0
Cerberus VIC,2014,10,19.89354839,0
Cerberus VIC,2014,11,20.95666667,0
Cerberus VIC,2014,12,21.79677419,0
Cerberus VIC,2015,1,24.50322581,0
Cerberus VIC,2015,2,25.71785714,0
Cerberus VIC,2015,3,21.91290323,0
Cerberus VIC,2015,4,18.70666667,0
Cerberus VIC,2015,5,16.52903226,0
Cerberus VIC,2015,6,14.01666667,0
Cerberus VIC,2015,7,13.00645161,0
Cerberus VIC,2015,8,13.50645161,0
Cerberus VIC,2015,9,16.67666667,0
Cerberus VIC,2015,10,22.66774194,0
Cerberus VIC,2015,11,21.35666667,0
Cerberus VIC,2015,12,26.19032258,0
Cerberus VIC,2016,1,25.28064516,0
Cerberus VIC,2016,2,24.75357143,0
Cerberus VIC,2016,3,24.09677419,0
Cerberus VIC,2016,4,22.01,0
Cerberus VIC,2016,5,17.7483871,0
Cerberus VIC,2016,6,14.13,0
Cerberus VIC,2016,7,14.1,0
Cerberus VIC,2016,8,15.25806452,0
Cerberus VIC,2016,9,16.3137931,0
Cerberus VIC,2016,10,18.16774194,0
Cerberus VIC,2016,11,19.32333333,0
Cerberus VIC,2016,12,23.6516129,0
Cerberus VIC,2017,1,24.8483871,0
Cerberus VIC,2017,2,24.45357143,0
Cerberus VIC,2017,3,25.65806452,0
Cerberus VIC,2017,4,20.35,0
Cerberus VIC,2017,5,16.78387097,0
Cerberus VIC,2017,6,14.37333333,0
Cerberus VIC,2017,7,13.81290323,0
Cerberus VIC,2017,8,14.15806452,0
Cerberus VIC,2017,9,16.45333333,0
Cerberus VIC,2017,10,19.70967742,0
Cerberus VIC,2017,11,24.59333333,0
Cerberus VIC,2017,12,22.59130435,0
Cerberus VIC,2018,1,26.32258065,0
Cerberus VIC,2018,2,26.08214286,0
Cerberus VIC,2018,3,24.0483871,0
Cerberus VIC,2018,4,20.92592593,0
Cerberus VIC,2018,5,17.11290323,0
Cerberus VIC,2018,6,14.27666667,0
Cerberus VIC,2018,7,14.336,0
Cerberus VIC,2018,8,14.47096774,0
Cerberus VIC,2018,9,16.46551724,0
Cerberus VIC,2018,10,19.74482759,0
Cerberus VIC,2018,11,20.87333333,0
Cerberus VIC,2018,12,24.63225806,0
Cerberus VIC,2019,1,26.54666667,0
Cerberus VIC,2019,2,25.62857143,0
Cerberus VIC,2019,3,24.7,0
Cerberus VIC,2019,4,21.76785714,0
Cerberus VIC,2019,5,17.33548387,0
Cerberus VIC,2019,6,14.85,0
Cerberus VIC,2019,7,14.29032258,0
Cerberus VIC,2019,8,13.90322581,0
Cerberus VIC,2019,9,16.08095238,0
Cerberus VIC,2019,10,20.22,0
Cerberus VIC,2019,11,20.15862069,0
Cerberus VIC,2019,12,22.44482759,0
Cerberus VIC,2020,1,25.52666667,0
Cerberus VIC,2020,2,23.38888889,0
Cerberus VIC,2020,3,22.82258065,0
Cerberus VIC,2020,4,18.57333333,0
Cerberus VIC,2020,5,15.95806452,0
Cerberus VIC,2020,6,14.35333333,0
Cerberus VIC,2020,7,13.66129032,0
Cerberus VIC,2020,8,14.41,0
Cerberus VIC,2020,9,17.43666667,0
Cerberus VIC,2020,10,18.41290323,0
Cerberus VIC,2020,11,23.46,0
Cerberus VIC,2020,12,21.57333333,0
Cerberus VIC,2021,1,23.94516129,0
Cerberus VIC,2021,2,24.20740741,0
Cerberus VIC,2021,3,21.89354839,0
Cerberus VIC,2021,4,19.90333333,0
Cerberus VIC,2021,5,17.28064516,0
Cerberus VIC,2021,6,15.04,0
Cerberus VIC,2021,7,14.01935484,0
Cerberus VIC,2021,8,15.70322581,0
Cerberus VIC,2021,9,17.34333333,0
Cerberus VIC,2021,10,18.63666667,0
Cerberus VIC,2021,11,20.10666667,0
Cerberus VIC,2021,12,23.24516129,0
Cerberus VIC,2022,1,26.9516129,0
Cerberus VIC,2022,2,24.33214286,0
Cerberus VIC,2022,3,24.05483871,0
Cerberus VIC,2022,4,20.78,0
Cerberus VIC,2022,5,16.31290323,0
Cerberus VIC,2022,6,14.00666667,0
Cerberus VIC,2022,7,13.53870968,0
Cerberus VIC,2022,8,14.62666667,0
Cerberus VIC,2022,9,16.19333333,0
Cerberus VIC,2022,10,17.99310345,0
Cerberus VIC,2022,11,19.05862069,0
Cerberus VIC,2022,12,22.5,0
Cerberus VIC,2023,1,25.63666667,0
Cerberus VIC,2023,2,24.32857143,0
Cerberus VIC,2023,3,22.23870968,0
Cerberus VIC,2023,4,19.97,0
Cerberus VIC,2023,5,16.09677419,0
Cerberus VIC,2023,6,14.58,0
Cerberus VIC,2023,7,14.47666667,0
Cerberus VIC,2023,8,15.58064516,0
Cerberus VIC,2023,9,19.18666667,0
Cerberus VIC,2023,10,18.23103448,0
Cerberus VIC,2023,11,20.52068966,0
Cerberus VIC,2023,12,21.62413793,0
Cerberus VIC,2024,1,23.89666667,0
Cerberus VIC,2024,2,25.01538462,0
Cerberus VIC,2024,3,24.53548387,0
Cerberus VIC,2024,4,18.84333333,0
Cerberus VIC,2024,5,17.49677419,0
Cerberus VIC,2024,6,14.08,0
Cerberus VIC,2024,7,13.43548387,0
Cerberus VIC,2024,8,17.46451613,0
Cerberus VIC,2024,9,17.85,0
Coldstream VIC,2013,1,29.20322581,0
Coldstream VIC,2013,2,30.67857143,0
Coldstream VIC,2013,3,27.21935484,0
Coldstream VIC,2013,4,21.02333333,0
Coldstream VIC,2013,5,17.41612903,0
Coldstream VIC,2013,6,14.51666667,0
Coldstream VIC,2013,7,15.17741935,0
Coldstream VIC,2013,8,15.37096774,0
Coldstream VIC,2013,9,19.09666667,0
Coldstream VIC,2013,10,18.58064516,0
Coldstream VIC,2013,11,21.68333333,0
Coldstream VIC,2013,12,24.92580645,0
Coldstream VIC,2014,1,29.26774194,0
Coldstream VIC,2014,2,29.97142857,0
Coldstream VIC,2014,3,26.37419355,0
Coldstream VIC,2014,4,20.89,0
Coldstream VIC,2014,5,18.57741935,0
Coldstream VIC,2014,6,14.48333333,0
Coldstream VIC,2014,7,13.33870968,0
Coldstream VIC,2014,8,15.28064516,0
Coldstream VIC,2014,9,18.12333333,0
Coldstream VIC,2014,10,21.60967742,0
Coldstream VIC,2014,11,23.69,0
Coldstream VIC,2014,12,25.43548387,0
Coldstream VIC,2015,1,27.47741935,0
Coldstream VIC,2015,2,29.16785714,0
Coldstream VIC,2015,3,24.14193548,0
Coldstream VIC,2015,4,19.84666667,0
Coldstream VIC,2015,5,16.6483871,0
Coldstream VIC,2015,6,13.66,0
Coldstream VIC,2015,7,12.60967742,0
Coldstream VIC,2015,8,13.44516129,0
Coldstream VIC,2015,9,17.19,0
Coldstream VIC,2015,10,24.56774194,0
Coldstream VIC,2015,11,23.93,0
Coldstream VIC,2015,12,30,0
Coldstream VIC,2016,1,28.38064516,0
Coldstream VIC,2016,2,28.04827586,0
Coldstream VIC,2016,3,26.50967742,0
Coldstream VIC,2016,4,22.59666667,0
Coldstream VIC,2016,5,18.01935484,0
Coldstream VIC,2016,6,13.33333333,0
Coldstream VIC,2016,7,13.68387097,0
Coldstream VIC,2016,8,15.16451613,0
Coldstream VIC,2016,9,16.35333333,0
Coldstream VIC,2016,10,18.57,0
Coldstream VIC,2016,11,21.27,0
Coldstream VIC,2016,12,26.35806452,0
Coldstream VIC,2017,1,28.52903226,0
Coldstream VIC,2017,2,26.72857143,0
Coldstream VIC,2017,3,28.75483871,0
Coldstream VIC,2017,4,20.75333333,0
Coldstream VIC,2017,5,16.7516129,0
Coldstream VIC,2017,6,13.87,0
Coldstream VIC,2017,7,14.16451613,0
Coldstream VIC,2017,8,14.03870968,0
Coldstream VIC,2017,9,17,0
Coldstream VIC,2017,10,21.20322581,0
Coldstream VIC,2017,11,26.41333333,0
Coldstream VIC,2017,12,26.13870968,0
Coldstream VIC,2018,1,29.12258065,0
Coldstream VIC,2018,2,28.91785714,0
Coldstream VIC,2018,3,26.42258065,0
Coldstream VIC,2018,4,23.39666667,0
Coldstream VIC,2018,5,17.13666667,0
Coldstream VIC,2018,6,13.91666667,0
Coldstream VIC,2018,7,13.9,0
Coldstream VIC,2018,8,14.46774194,0
Coldstream VIC,2018,9,17.11,0
Coldstream VIC,2018,10,21.33548387,0
Coldstream VIC,2018,11,22.34827586,0
Coldstream VIC,2018,12,26.90645161,0
Coldstream VIC,2019,1,32.13548387,0
Coldstream VIC,2019,2,28.775,0
Coldstream VIC,2019,3,27.45483871,0
Coldstream VIC,2019,4,22.45333333,0
Coldstream VIC,2019,5,17.17096774,0
Coldstream VIC,2019,6,14.66333333,0
Coldstream VIC,2019,7,14.02258065,0
Coldstream VIC,2019,8,13.59354839,0
Coldstream VIC,2019,9,17.42413793,0
Coldstream VIC,2019,10,21.18709677,0
Coldstream VIC,2019,11,21.87,0
Coldstream VIC,2019,12,26.58709677,0
Coldstream VIC,2020,1,28.13225806,0
Coldstream VIC,2020,2,25.77931034,0
Coldstream VIC,2020,3,23.49032258,0
Coldstream VIC,2020,4,19.10666667,0
Coldstream VIC,2020,5,15.95483871,0
Coldstream VIC,2020,6,14.51,0
Coldstream VIC,2020,7,13.42580645,0
Coldstream VIC,2020,8,14.62666667,0
Coldstream VIC,2020,9,18.08666667,0
Coldstream VIC,2020,10,19.64193548,0
Coldstream VIC,2020,11,24.87,0
Coldstream VIC,2020,12,24.26451613,0
Coldstream VIC,2021,1,26.8,0
Coldstream VIC,2021,2,25.96785714,0
Coldstream VIC,2021,3,23.07096774,0
Coldstream VIC,2021,4,20.46666667,0
Coldstream VIC,2021,5,17.05806452,0
Coldstream VIC,2021,6,14.74137931,0
Coldstream VIC,2021,7,13.46129032,0
Coldstream VIC,2021,8,15.59677419,0
Coldstream VIC,2021,9,17.79,0
Coldstream VIC,2021,10,19.4,0
Coldstream VIC,2021,11,21.13666667,0
Coldstream VIC,2021,12,25.60322581,0
Coldstream VIC,2022,1,30.53548387,0
Coldstream VIC,2022,2,27.51071429,0
Coldstream VIC,2022,3,26.09032258,0
Coldstream VIC,2022,4,21.35666667,0
Coldstream VIC,2022,5,16.66774194,0
Coldstream VIC,2022,6,13.53103448,0
Coldstream VIC,2022,7,13.77096774,0
Coldstream VIC,2022,8,15.13333333,0
Coldstream VIC,2022,9,16.51333333,0
Coldstream VIC,2022,10,19.4,0
Coldstream VIC,2022,11,20.41666667,0
Coldstream VIC,2022,12,24.97096774,0
Coldstream VIC,2023,1,27.96451613,0
Coldstream VIC,2023,2,26.44642857,0
Coldstream VIC,2023,3,24.31612903,0
Coldstream VIC,2023,4,20.41333333,0
Coldstream VIC,2023,5,15.51935484,0
Coldstream VIC,2023,6,14.53666667,0
Coldstream VIC,2023,7,14.51935484,0
Coldstream VIC,2023,8,15.59,0
Coldstream VIC,2023,9,19.91,0
Coldstream VIC,2023,10,19.29032258,0
Coldstream VIC,2023,11,22.74666667,0
Coldstream VIC,2023,12,24.64193548,0
Coldstream VIC,2024,1,26.77419355,0
Coldstream VIC,2024,2,27.83448276,0
Coldstream VIC,2024,3,27.10967742,0
Coldstream VIC,2024,4,19.08333333,0
Coldstream VIC,2024,5,17.2,0
Coldstream VIC,2024,6,13.38666667,0
Coldstream VIC,2024,7,12.57741935,0
Coldstream VIC,2024,8,17.59354839,0
Coldstream VIC,2024,9,18.16,0
Essendon Airport VIC,2013,1,27.52258065,27.04516129
Essendon Airport VIC,2013,2,28.84285714,23.51785714
Essendon Airport VIC,2013,3,27.27419355,17.01290323
Essendon Airport VIC,2013,4,20.76666667,11.06333333
Essendon Airport VIC,2013,5,17.67096774,7.490322581
Essendon Airport VIC,2013,6,14.37333333,6.19
Essendon Airport VIC,2013,7,14.94193548,7.016129032
Essendon Airport VIC,2013,8,15.60322581,9.029032258
Essendon Airport VIC,2013,9,19.21,13.17333333
Essendon Airport VIC,2013,10,18.96129032,15.4
Essendon Airport VIC,2013,11,21.10666667,19.87666667
Essendon Airport VIC,2013,12,24.86451613,25.04516129
Essendon Airport VIC,2014,1,28.67419355,25.01612903
Essendon Airport VIC,2014,2,28.69642857,21.44642857
Essendon Airport VIC,2014,3,25.48064516,14.81290323
Essendon Airport VIC,2014,4,20.37666667,9.24
Essendon Airport VIC,2014,5,18.49032258,7.496774194
Essendon Airport VIC,2014,6,14.95666667,5.88
Essendon Airport VIC,2014,7,13.8516129,7.038709677
Essendon Airport VIC,2014,8,15.14516129,10.02258065
Essendon Airport VIC,2014,9,18.25333333,13.88333333
Essendon Airport VIC,2014,10,22.21612903,17.6483871
Essendon Airport VIC,2014,11,23.78666667,21.52
Essendon Airport VIC,2014,12,25.04516129,26.73548387
Essendon Airport VIC,2015,1,26.97741935,22.7516129
Essendon Airport VIC,2015,2,27.9,19.63928571
Essendon Airport VIC,2015,3,23.76451613,16.01612903
Essendon Airport VIC,2015,4,19.51666667,10.95
Essendon Airport VIC,2015,5,17.03548387,7.606451613
Essendon Airport VIC,2015,6,14.06333333,6.543333333
Essendon Airport VIC,2015,7,12.95806452,6.970967742
Essendon Airport VIC,2015,8,13.76129032,8.748387097
Essendon Airport VIC,2015,9,17.20333333,14.58333333
Essendon Airport VIC,2015,10,25.13548387,20.07419355
Essendon Airport VIC,2015,11,23.61,22.00333333
Essendon Airport VIC,2015,12,28.86774194,27.21612903
Essendon Airport VIC,2016,1,27.06129032,22
Essendon Airport VIC,2016,2,26.45172414,20.85172414
Essendon Airport VIC,2016,3,25.71935484,14.56451613
Essendon Airport VIC,2016,4,22.56,12.11
Essendon Airport VIC,2016,5,18.34516129,8.341935484
Essendon Airport VIC,2016,6,13.71333333,6.746666667
Essendon Airport VIC,2016,7,14.07419355,7.506451613
Essendon Airport VIC,2016,8,15.19677419,10.33225806
Essendon Airport VIC,2016,9,16.32666667,12.57666667
Essendon Airport VIC,2016,10,18.89354839,17.76451613
Essendon Airport VIC,2016,11,21.46,19.97666667
Essendon Airport VIC,2016,12,26.64193548,22.35806452
Essendon Airport VIC,2017,1,27.83870968,23.15483871
Essendon Airport VIC,2017,2,26.79285714,19.86071429
Essendon Airport VIC,2017,3,27.72258065,16.63225806
Essendon Airport VIC,2017,4,20.81,10.65666667
Essendon Airport VIC,2017,5,16.88387097,8.461290323
Essendon Airport VIC,2017,6,14.67333333,7.213333333
Essendon Airport VIC,2017,7,14.3,8.235483871
Essendon Airport VIC,2017,8,14.45483871,10.25806452
Essendon Airport VIC,2017,9,17.78333333,13.07
Essendon Airport VIC,2017,10,21.41290323,18.10322581
Essendon Airport VIC,2017,11,27.00333333,22.82666667
Essendon Airport VIC,2017,12,25.64516129,25.59032258
Essendon Airport VIC,2018,1,28.41612903,23.69354839
Essendon Airport VIC,2018,2,27.98928571,20.65357143
Essendon Airport VIC,2018,3,25.90645161,16.86451613
Essendon Airport VIC,2018,4,22.84333333,11.00666667
Essendon Airport VIC,2018,5,17.45806452,7.264516129
Essendon Airport VIC,2018,6,13.97666667,7.176666667
Essendon Airport VIC,2018,7,14.27419355,8.258064516
Essendon Airport VIC,2018,8,15.10322581,10.49032258
Essendon Airport VIC,2018,9,17.63333333,14.68
Essendon Airport VIC,2018,10,22.04193548,19.06129032
Essendon Airport VIC,2018,11,22.54,21.81333333
Essendon Airport VIC,2018,12,26.20967742,22.02903226
Essendon Airport VIC,2019,1,30.2483871,25.27096774
Essendon Airport VIC,2019,2,26.87407407,21.15714286
Essendon Airport VIC,2019,3,26.30645161,15.70645161
Essendon Airport VIC,2019,4,22.57,11.32333333
Essendon Airport VIC,2019,5,17.79677419,8.222580645
Essendon Airport VIC,2019,6,15.07,7.38
Essendon Airport VIC,2019,7,14.51612903,7.909677419
Essendon Airport VIC,2019,8,14.25806452,9.916129032
Essendon Airport VIC,2019,9,17.62333333,14.10666667
Essendon Airport VIC,2019,10,21.66451613,19.17419355
Essendon Airport VIC,2019,11,22.61333333,22.59333333
Essendon Airport VIC,2019,12,26.37419355,26.44193548
Essendon Airport VIC,2020,1,27.7516129,21.91612903
Essendon Airport VIC,2020,2,25.04827586,17.63793103
Essendon Airport VIC,2020,3,23.17741935,14.75806452
Essendon Airport VIC,2020,4,18.86551724,10.07
Essendon Airport VIC,2020,5,15.66774194,8.593548387
Essendon Airport VIC,2020,6,14.42666667,7.513333333
Essendon Airport VIC,2020,7,13.42903226,7.738709677
Essendon Airport VIC,2020,8,14.71935484,10.61935484
Essendon Airport VIC,2020,9,18.05333333,14.48666667
Essendon Airport VIC,2020,10,19.30322581,16.6
Essendon Airport VIC,2020,11,24.88666667,22.04333333
Essendon Airport VIC,2020,12,23.8,23.91935484
Essendon Airport VIC,2021,1,26.10645161,21.90967742
Essendon Airport VIC,2021,2,25.225,18.975
Essendon Airport VIC,2021,3,22.56129032,13.72903226
Essendon Airport VIC,2021,4,20.44666667,10.75666667
Essendon Airport VIC,2021,5,17.41612903,7.970967742
Essendon Airport VIC,2021,6,14.78666667,6.84
Essendon Airport VIC,2021,7,13.58709677,7.838709677
Essendon Airport VIC,2021,8,15.94516129,10.81935484
Essendon Airport VIC,2021,9,18.14,14.5
Essendon Airport VIC,2021,10,19.33870968,18.43870968
Essendon Airport VIC,2021,11,20.61,21.48666667
Essendon Airport VIC,2021,12,24.90645161,23.96451613
Essendon Airport VIC,2022,1,30.10967742,23.9516129
Essendon Airport VIC,2022,2,26.40357143,20.57857143
Essendon Airport VIC,2022,3,24.93225806,14.99354839
Essendon Airport VIC,2022,4,21.06,10.02666667
Essendon Airport VIC,2022,5,16.52258065,7.587096774
Essendon Airport VIC,2022,6,13.77333333,7.066666667
Essendon Airport VIC,2022,7,13.53225806,8.177419355
Essendon Airport VIC,2022,8,15.19032258,9.890322581
Essendon Airport VIC,2022,9,16.32,12.73666667
Essendon Airport VIC,2022,10,18.95806452,16.35483871
Essendon Airport VIC,2022,11,20.30333333,20.38
Essendon Airport VIC,2022,12,24.36451613,25.01935484
Essendon Airport VIC,2023,1,27.20322581,23.04516129
Essendon Airport VIC,2023,2,25.91071429,19.84642857
Essendon Airport VIC,2023,3,24.04516129,14.95806452
Essendon Airport VIC,2023,4,20.44,10.5
Essendon Airport VIC,2023,5,16.00322581,8.329032258
Essendon Airport VIC,2023,6,14.53,7.12
Essendon Airport VIC,2023,7,14.93548387,8.287096774
Essendon Airport VIC,2023,8,15.66451613,10.3483871
Essendon Airport VIC,2023,9,20.59,16.15333333
Essendon Airport VIC,2023,10,19.70645161,17.91290323
Essendon Airport VIC,2023,11,22.34,21.21333333
Essendon Airport VIC,2023,12,23.91290323,21.49354839
Essendon Airport VIC,2024,1,26.01935484,22.49354839
Essendon Airport VIC,2024,2,27.80689655,22.05517241
Essendon Airport VIC,2024,3,26.22903226,17.48064516
Essendon Airport VIC,2024,4,19.15,10.26666667
Essendon Airport VIC,2024,5,17.50645161,9.177419355
Essendon Airport VIC,2024,6,13.79666667,7.306666667
Essendon Airport VIC,2024,7,13.06451613,7.570967742
Essendon Airport VIC,2024,8,17.97333333,11.24193548
Essendon Airport VIC,2024,9,18.79,11.02
Ferny Creek VIC,2013,1,24.99032258,0
Ferny Creek VIC,2013,2,26.24285714,0
Ferny Creek VIC,2013,3,23,0
Ferny Creek VIC,2013,4,16.73333333,0
Ferny Creek VIC,2013,5,13.46451613,0
Ferny Creek VIC,2013,6,10.67333333,0
Ferny Creek VIC,2013,7,11.2483871,0
Ferny Creek VIC,2013,8,11.29677419,0
Ferny Creek VIC,2013,9,15.42333333,0
Ferny Creek VIC,2013,10,14.86129032,0
Ferny Creek VIC,2013,11,18,0
Ferny Creek VIC,2013,12,21.3483871,0
Ferny Creek VIC,2014,1,25.01290323,0
Ferny Creek VIC,2014,2,25.63214286,0
Ferny Creek VIC,2014,3,21.79032258,0
Ferny Creek VIC,2014,4,16.86333333,0
Ferny Creek VIC,2014,5,14.49677419,0
Ferny Creek VIC,2014,6,10.73,0
Ferny Creek VIC,2014,7,9.716129032,0
Ferny Creek VIC,2014,8,11.45806452,0
Ferny Creek VIC,2014,9,14.55333333,0
Ferny Creek VIC,2014,10,18.10967742,0
Ferny Creek VIC,2014,11,19.75666667,0
Ferny Creek VIC,2014,12,21.12580645,0
Ferny Creek VIC,2015,1,22.4,0
Ferny Creek VIC,2015,2,24.42142857,0
Ferny Creek VIC,2015,3,19.18709677,0
Ferny Creek VIC,2015,4,15.35,0
Ferny Creek VIC,2015,5,12.5483871,0
Ferny Creek VIC,2015,6,10.32666667,0
Ferny Creek VIC,2015,7,8.46,0
Ferny Creek VIC,2015,8,9.206451613,0
Ferny Creek VIC,2015,9,13.56666667,0
Ferny Creek VIC,2015,10,21.06451613,0
Ferny Creek VIC,2015,11,19.59333333,0
Ferny Creek VIC,2015,12,25.56129032,0
Ferny Creek VIC,2016,1,23.9516129,0
Ferny Creek VIC,2016,2,23.15862069,0
Ferny Creek VIC,2016,3,22.19677419,0
Ferny Creek VIC,2016,4,18.62666667,0
Ferny Creek VIC,2016,5,14.02258065,0
Ferny Creek VIC,2016,6,10.13666667,0
Ferny Creek VIC,2016,7,9.729032258,0
Ferny Creek VIC,2016,8,11.52580645,0
Ferny Creek VIC,2016,9,12.74333333,0
Ferny Creek VIC,2016,10,15.12580645,0
Ferny Creek VIC,2016,11,17.50666667,0
Ferny Creek VIC,2016,12,22.57419355,0
Ferny Creek VIC,2017,1,23.8,0
Ferny Creek VIC,2017,2,22.10357143,0
Ferny Creek VIC,2017,3,24.03548387,0
Ferny Creek VIC,2017,4,16.68,0
Ferny Creek VIC,2017,5,13.17741935,0
Ferny Creek VIC,2017,6,10.27,0
Ferny Creek VIC,2017,7,9.783870968,0
Ferny Creek VIC,2017,8,10.15483871,0
Ferny Creek VIC,2017,9,13.27666667,0
Ferny Creek VIC,2017,10,17.38064516,0
Ferny Creek VIC,2017,11,22.29333333,0
Ferny Creek VIC,2017,12,21.87419355,0
Ferny Creek VIC,2018,1,25.26451613,0
Ferny Creek VIC,2018,2,24.96428571,0
Ferny Creek VIC,2018,3,22.10322581,0
Ferny Creek VIC,2018,4,19.22,0
Ferny Creek VIC,2018,5,12.87741935,0
Ferny Creek VIC,2018,6,10.33,0
Ferny Creek VIC,2018,7,9.977419355,0
Ferny Creek VIC,2018,8,10.53870968,0
Ferny Creek VIC,2018,9,13.33666667,0
Ferny Creek VIC,2018,10,17.60967742,0
Ferny Creek VIC,2018,11,18.63,0
Ferny Creek VIC,2018,12,22.99032258,0
Ferny Creek VIC,2019,1,27.78064516,0
Ferny Creek VIC,2019,2,24.49285714,0
Ferny Creek VIC,2019,3,22.87741935,0
Ferny Creek VIC,2019,4,18.20666667,0
Ferny Creek VIC,2019,5,13.18387097,0
Ferny Creek VIC,2019,6,10.87333333,0
Ferny Creek VIC,2019,7,10.01612903,0
Ferny Creek VIC,2019,8,9.903225806,0
Ferny Creek VIC,2019,9,13.71,0
Ferny Creek VIC,2019,10,17.46129032,0
Ferny Creek VIC,2019,11,17.89666667,0
Ferny Creek VIC,2019,12,22.60322581,0
Ferny Creek VIC,2020,1,23.76129032,0
Ferny Creek VIC,2020,2,21.48846154,0
Ferny Creek VIC,2020,3,19.21290323,0
Ferny Creek VIC,2020,4,15.02333333,0
Ferny Creek VIC,2020,5,12.02258065,0
Ferny Creek VIC,2020,6,10.71333333,0
Ferny Creek VIC,2020,7,9.766666667,0
Ferny Creek VIC,2020,8,10.77096774,0
Ferny Creek VIC,2020,9,14.40666667,0
Ferny Creek VIC,2020,10,15.82903226,0
Ferny Creek VIC,2020,11,21.34,0
Ferny Creek VIC,2020,12,19.62580645,0
Ferny Creek VIC,2021,1,22.18387097,0
Ferny Creek VIC,2021,2,21.49285714,0
Ferny Creek VIC,2021,3,18.81935484,0
Ferny Creek VIC,2021,4,16.08666667,0
Ferny Creek VIC,2021,5,13.44516129,0
Ferny Creek VIC,2021,6,10.99310345,0
Ferny Creek VIC,2021,7,9.429032258,0
Ferny Creek VIC,2021,8,11.57741935,0
Ferny Creek VIC,2021,9,14.13333333,0
Ferny Creek VIC,2021,10,15.98275862,0
Ferny Creek VIC,2021,11,17.09333333,0
Ferny Creek VIC,2021,12,21.35483871,0
Ferny Creek VIC,2022,1,26.18064516,0
Ferny Creek VIC,2022,2,23.52307692,0
Ferny Creek VIC,2022,3,21.69677419,0
Ferny Creek VIC,2022,4,17.07666667,0
Ferny Creek VIC,2022,5,12.95806452,0
Ferny Creek VIC,2022,6,9.173333333,0
Ferny Creek VIC,2022,7,9.906451613,0
Ferny Creek VIC,2022,8,11.19354839,0
Ferny Creek VIC,2022,9,12.54666667,0
Ferny Creek VIC,2022,10,15.49032258,0
Ferny Creek VIC,2022,11,16.48666667,0
Ferny Creek VIC,2022,12,20.73225806,0
Ferny Creek VIC,2023,1,23.62580645,0
Ferny Creek VIC,2023,2,21.91428571,0
Ferny Creek VIC,2023,3,19.96129032,0
Ferny Creek VIC,2023,4,16.69,0
Ferny Creek VIC,2023,5,11.71290323,0
Ferny Creek VIC,2023,6,10.51034483,0
Ferny Creek VIC,2023,7,10.49032258,0
Ferny Creek VIC,2023,8,11.87419355,0
Ferny Creek VIC,2023,9,16.70666667,0
Ferny Creek VIC,2023,10,15.88387097,0
Ferny Creek VIC,2023,11,18.35666667,0
Ferny Creek VIC,2023,12,20.83548387,0
Ferny Creek VIC,2024,1,22.81290323,0
Ferny Creek VIC,2024,2,23.96428571,0
Ferny Creek VIC,2024,3,22.73793103,0
Ferny Creek VIC,2024,4,15.02,0
Ferny Creek VIC,2024,5,13.9,0
Ferny Creek VIC,2024,6,9.913333333,0
Ferny Creek VIC,2024,7,9.538709677,0
Ferny Creek VIC,2024,8,14.06129032,0
Ferny Creek VIC,2024,9,14.72,0
Frankston Ballam Park VIC,2020,1,,0
Frankston Ballam Park VIC,2020,2,,0
Frankston Ballam Park VIC,2020,3,,0
Frankston Ballam Park VIC,2020,4,,0
Frankston Ballam Park VIC,2020,5,,0
Frankston Ballam Park VIC,2020,6,13.925,0
Frankston Ballam Park VIC,2020,7,13.25666667,0
Frankston Ballam Park VIC,2020,8,14.50322581,0
Frankston Ballam Park VIC,2020,9,17.36333333,0
Frankston Ballam Park VIC,2020,10,18.73225806,0
Frankston Ballam Park VIC,2020,11,23.84333333,0
Frankston Ballam Park VIC,2020,12,22.52580645,0
Frankston Ballam Park VIC,2021,1,24.96451613,0
Frankston Ballam Park VIC,2021,2,24.3962963,0
Frankston Ballam Park VIC,2021,3,21.93333333,0
Frankston Ballam Park VIC,2021,4,19.77,0
Frankston Ballam Park VIC,2021,5,16.81935484,0
Frankston Ballam Park VIC,2021,6,14.61666667,0
Frankston Ballam Park VIC,2021,7,13.65483871,0
Frankston Ballam Park VIC,2021,8,15.29354839,0
Frankston Ballam Park VIC,2021,9,17.22333333,0
Frankston Ballam Park VIC,2021,10,18.5483871,0
Frankston Ballam Park VIC,2021,11,20.37333333,0
Frankston Ballam Park VIC,2021,12,23.88709677,0
Frankston Ballam Park VIC,2022,1,28.35806452,0
Frankston Ballam Park VIC,2022,2,25.56428571,0
Frankston Ballam Park VIC,2022,3,24.25483871,0
Frankston Ballam Park VIC,2022,4,20.60666667,0
Frankston Ballam Park VIC,2022,5,16.23225806,0
Frankston Ballam Park VIC,2022,6,13.39655172,0
Frankston Ballam Park VIC,2022,7,13.55806452,0
Frankston Ballam Park VIC,2022,8,14.63548387,0
Frankston Ballam Park VIC,2022,9,16.11,0
Frankston Ballam Park VIC,2022,10,18.45483871,0
Frankston Ballam Park VIC,2022,11,19.76333333,0
Frankston Ballam Park VIC,2022,12,23.39354839,0
Frankston Ballam Park VIC,2023,1,26.09032258,0
Frankston Ballam Park VIC,2023,2,24.73928571,0
Frankston Ballam Park VIC,2023,3,23.03548387,0
Frankston Ballam Park VIC,2023,4,20.01724138,0
Frankston Ballam Park VIC,2023,5,15.83225806,0
Frankston Ballam Park VIC,2023,6,14.48,0
Frankston Ballam Park VIC,2023,7,14.39677419,0
Frankston Ballam Park VIC,2023,8,15.29666667,0
Frankston Ballam Park VIC,2023,9,19.22333333,0
Frankston Ballam Park VIC,2023,10,18.60322581,0
Frankston Ballam Park VIC,2023,11,21.24,0
Frankston Ballam Park VIC,2023,12,23.1483871,0
Frankston Ballam Park VIC,2024,1,24.82903226,0
Frankston Ballam Park VIC,2024,2,26.60689655,0
Frankston Ballam Park VIC,2024,3,25.43548387,0
Frankston Ballam Park VIC,2024,4,18.86,0
Frankston Ballam Park VIC,2024,5,17.06129032,0
Frankston Ballam Park VIC,2024,6,13.94814815,0
Frankston Ballam Park VIC,2024,7,13.28709677,0
Frankston Ballam Park VIC,2024,8,17.27419355,0
Frankston Ballam Park VIC,2024,9,17.44,0
Frankston Beach VIC,2013,1,24.9,0
Frankston Beach VIC,2013,2,27.21785714,0
Frankston Beach VIC,2013,3,25.26451613,0
Frankston Beach VIC,2013,4,19.18333333,0
Frankston Beach VIC,2013,5,16.57741935,0
Frankston Beach VIC,2013,6,14.01333333,0
Frankston Beach VIC,2013,7,14.16774194,0
Frankston Beach VIC,2013,8,13.95806452,0
Frankston Beach VIC,2013,9,17.41333333,0
Frankston Beach VIC,2013,10,16.95483871,0
Frankston Beach VIC,2013,11,19.42333333,0
Frankston Beach VIC,2013,12,22.23225806,0
Frankston Beach VIC,2014,1,26.19032258,0
Frankston Beach VIC,2014,2,26.08214286,0
Frankston Beach VIC,2014,3,23.93870968,0
Frankston Beach VIC,2014,4,19.67333333,0
Frankston Beach VIC,2014,5,17.20322581,0
Frankston Beach VIC,2014,6,14.51666667,0
Frankston Beach VIC,2014,7,12.72258065,0
Frankston Beach VIC,2014,8,13.97419355,0
Frankston Beach VIC,2014,9,16.92666667,0
Frankston Beach VIC,2014,10,19.24193548,0
Frankston Beach VIC,2014,11,21.29666667,0
Frankston Beach VIC,2014,12,22.62258065,0
Frankston Beach VIC,2015,1,24.40333333,0
Frankston Beach VIC,2015,2,25.58214286,0
Frankston Beach VIC,2015,3,21.1483871,0
Frankston Beach VIC,2015,4,18.20666667,0
Frankston Beach VIC,2015,5,15.63870968,0
Frankston Beach VIC,2015,6,13.04666667,0
Frankston Beach VIC,2015,7,12.2,0
Frankston Beach VIC,2015,8,12.29354839,0
Frankston Beach VIC,2015,9,15.55,0
Frankston Beach VIC,2015,10,22.53333333,0
Frankston Beach VIC,2015,11,20.92962963,0
Frankston Beach VIC,2015,12,26.25,0
Frankston Beach VIC,2016,1,24.99032258,0
Frankston Beach VIC,2016,2,24.36206897,0
Frankston Beach VIC,2016,3,23.62258065,0
Frankston Beach VIC,2016,4,20.8,0
Frankston Beach VIC,2016,5,17.36,0
Frankston Beach VIC,2016,6,13.49333333,0
Frankston Beach VIC,2016,7,12.95806452,0
Frankston Beach VIC,2016,8,14.10666667,0
Frankston Beach VIC,2016,9,15.3137931,0
Frankston Beach VIC,2016,10,16.99285714,0
Frankston Beach VIC,2016,11,18.95,0
Frankston Beach VIC,2016,12,23.83,0
Frankston Beach VIC,2017,1,24.98387097,0
Frankston Beach VIC,2017,2,24.03214286,0
Frankston Beach VIC,2017,3,25.89354839,0
Frankston Beach VIC,2017,4,19.63,0
Frankston Beach VIC,2017,5,15.94516129,0
Frankston Beach VIC,2017,6,13.35,0
Frankston Beach VIC,2017,7,13.05806452,0
Frankston Beach VIC,2017,8,12.87096774,0
Frankston Beach VIC,2017,9,14.96666667,0
Frankston Beach VIC,2017,10,19.07096774,0
Frankston Beach VIC,2017,11,25.15666667,0
Frankston Beach VIC,2017,12,23.26774194,0
Frankston Beach VIC,2018,1,26.26774194,0
Frankston Beach VIC,2018,2,25.83214286,0
Frankston Beach VIC,2018,3,23.15862069,0
Frankston Beach VIC,2018,4,20.26333333,0
Frankston Beach VIC,2018,5,16.48,0
Frankston Beach VIC,2018,6,13.47333333,0
Frankston Beach VIC,2018,7,13.1483871,0
Frankston Beach VIC,2018,8,14.18333333,0
Laverton RAAF VIC,2013,1,26.69032258,0
Laverton RAAF VIC,2013,2,27.36428571,0
Laverton RAAF VIC,2013,3,26.83225806,0
Laverton RAAF VIC,2013,4,20.43333333,0
Laverton RAAF VIC,2013,5,18.03870968,0
Laverton RAAF VIC,2013,6,14.39333333,0
Laverton RAAF VIC,2013,7,15.3,0
Laverton RAAF VIC,2013,8,16.09032258,0
Laverton RAAF VIC,2013,9,18.98666667,0
Laverton RAAF VIC,2013,10,18.92903226,0
Laverton RAAF VIC,2013,11,20.66333333,0
Laverton RAAF VIC,2013,12,24.25483871,0
Laverton RAAF VIC,2014,1,28.02258065,0
Laverton RAAF VIC,2014,2,27.275,0
Laverton RAAF VIC,2014,3,24.83225806,0
Laverton RAAF VIC,2014,4,20.21333333,0
Laverton RAAF VIC,2014,5,18.83548387,0
Laverton RAAF VIC,2014,6,15.17,0
Laverton RAAF VIC,2014,7,14.10645161,0
Laverton RAAF VIC,2014,8,14.95806452,0
Laverton RAAF VIC,2014,9,18.38333333,0
Laverton RAAF VIC,2014,10,21.91612903,0
Laverton RAAF VIC,2014,11,22.98,0
Laverton RAAF VIC,2014,12,23.69677419,0
Laverton RAAF VIC,2015,1,26.13225806,0
Laverton RAAF VIC,2015,2,26.64642857,0
Laverton RAAF VIC,2015,3,23.16774194,0
Laverton RAAF VIC,2015,4,19.16666667,0
Laverton RAAF VIC,2015,5,17.2483871,0
Laverton RAAF VIC,2015,6,13.93666667,0
Laverton RAAF VIC,2015,7,13.33225806,0
Laverton RAAF VIC,2015,8,13.78387097,0
Laverton RAAF VIC,2015,9,17.40333333,0
Laverton RAAF VIC,2015,10,24.78666667,0
Laverton RAAF VIC,2015,11,22.82666667,0
Laverton RAAF VIC,2015,12,27.78064516,0
Laverton RAAF VIC,2016,1,26.15806452,0
Laverton RAAF VIC,2016,2,25.70689655,0
Laverton RAAF VIC,2016,3,24.71290323,0
Laverton RAAF VIC,2016,4,22.54666667,0
Laverton RAAF VIC,2016,5,18.58064516,0
Laverton RAAF VIC,2016,6,14.02,0
Laverton RAAF VIC,2016,7,14.23870968,0
Laverton RAAF VIC,2016,8,15.46451613,0
Laverton RAAF VIC,2016,9,16.45333333,0
Laverton RAAF VIC,2016,10,18.98387097,0
Laverton RAAF VIC,2016,11,21.01666667,0
Laverton RAAF VIC,2016,12,25.56129032,0
Laverton RAAF VIC,2017,1,26.48387097,0
Laverton RAAF VIC,2017,2,26.14444444,0
Laverton RAAF VIC,2017,3,26.5,0
Laverton RAAF VIC,2017,4,20.47333333,0
Laverton RAAF VIC,2017,5,16.8,0
Laverton RAAF VIC,2017,6,14.78666667,0
Laverton RAAF VIC,2017,7,14.58064516,0
Laverton RAAF VIC,2017,8,14.56129032,0
Laverton RAAF VIC,2017,9,18.1,0
Laverton RAAF VIC,2017,10,20.97419355,0
Laverton RAAF VIC,2017,11,25.8,0
Laverton RAAF VIC,2017,12,24.77741935,0
Laverton RAAF VIC,2018,1,27.52580645,0
Laverton RAAF VIC,2018,2,27.22857143,0
Laverton RAAF VIC,2018,3,25.05806452,0
Laverton RAAF VIC,2018,4,21.89,0
Laverton RAAF VIC,2018,5,17.53333333,0
Laverton RAAF VIC,2018,6,14.18333333,0
Laverton RAAF VIC,2018,7,14.91612903,0
Laverton RAAF VIC,2018,8,15.09354839,0
Laverton RAAF VIC,2018,9,17.7,0
Laverton RAAF VIC,2018,10,21.44193548,0
Laverton RAAF VIC,2018,11,22.27,0
Laverton RAAF VIC,2018,12,25.56129032,0
Laverton RAAF VIC,2019,1,28.53225806,0
Laverton RAAF VIC,2019,2,26.07857143,0
Laverton RAAF VIC,2019,3,25.49032258,0
Laverton RAAF VIC,2019,4,22.37333333,0
Laverton RAAF VIC,2019,5,17.93548387,0
Laverton RAAF VIC,2019,6,14.85,0
Laverton RAAF VIC,2019,7,14.71612903,0
Laverton RAAF VIC,2019,8,14.26129032,0
Laverton RAAF VIC,2019,9,17.68333333,0
Laverton RAAF VIC,2019,10,21.81612903,0
Laverton RAAF VIC,2019,11,22.16,0
Laverton RAAF VIC,2019,12,25.70322581,0
Laverton RAAF VIC,2020,1,26.57419355,0
Laverton RAAF VIC,2020,2,24.03103448,0
Laverton RAAF VIC,2020,3,22.82666667,0
Laverton RAAF VIC,2020,4,19.02,0
Laverton RAAF VIC,2020,5,16.09032258,0
Laverton RAAF VIC,2020,6,14.59,0
Laverton RAAF VIC,2020,7,13.76774194,0
Laverton RAAF VIC,2020,8,15.12258065,0
Laverton RAAF VIC,2020,9,18.01666667,0
Laverton RAAF VIC,2020,10,19.19354839,0
Laverton RAAF VIC,2020,11,24.74333333,0
Laverton RAAF VIC,2020,12,23.05806452,0
Laverton RAAF VIC,2021,1,25.12258065,0
Laverton RAAF VIC,2021,2,24.46071429,0
Laverton RAAF VIC,2021,3,22.15483871,0
Laverton RAAF VIC,2021,4,20.56666667,0
Laverton RAAF VIC,2021,5,17.70322581,0
Laverton RAAF VIC,2021,6,15.43333333,0
Laverton RAAF VIC,2021,7,14.28387097,0
Laverton RAAF VIC,2021,8,16.3,0
Laverton RAAF VIC,2021,9,18.05333333,0
Laverton RAAF VIC,2021,10,19.2483871,0
Laverton RAAF VIC,2021,11,20.45333333,0
Laverton RAAF VIC,2021,12,24.21612903,0
Laverton RAAF VIC,2022,1,27.95806452,0
Laverton RAAF VIC,2022,2,25.00357143,0
Laverton RAAF VIC,2022,3,24.30322581,0
Laverton RAAF VIC,2022,4,21.05666667,0
Laverton RAAF VIC,2022,5,16.45806452,0
Laverton RAAF VIC,2022,6,14.14,0
Laverton RAAF VIC,2022,7,13.60322581,0
Laverton RAAF VIC,2022,8,15.61612903,0
Laverton RAAF VIC,2022,9,16.22,0
Laverton RAAF VIC,2022,10,18.65806452,0
Laverton RAAF VIC,2022,11,20.00333333,0
Laverton RAAF VIC,2022,12,23.6483871,0
Laverton RAAF VIC,2023,1,26.75483871,0
Laverton RAAF VIC,2023,2,25.525,0
Laverton RAAF VIC,2023,3,23.38333333,0
Laverton RAAF VIC,2023,4,20.38,0
Laverton RAAF VIC,2023,5,16.46451613,0
Laverton RAAF VIC,2023,6,14.99,0
Laverton RAAF VIC,2023,7,15.51724138,0
Laverton RAAF VIC,2023,8,16.24516129,0
Laverton RAAF VIC,2023,9,20.80666667,0
Laverton RAAF VIC,2023,10,19.79354839,0
Laverton RAAF VIC,2023,11,22.2,0
Laverton RAAF VIC,2023,12,23.3483871,0
Laverton RAAF VIC,2024,1,25.14193548,0
Laverton RAAF VIC,2024,2,27.59310345,0
Laverton RAAF VIC,2024,3,25.79354839,0
Laverton RAAF VIC,2024,4,19.41333333,0
Laverton RAAF VIC,2024,5,17.35483871,0
Laverton RAAF VIC,2024,6,14.27333333,0
Laverton RAAF VIC,2024,7,13.69354839,0
Laverton RAAF VIC,2024,8,18.46774194,0
Laverton RAAF VIC,2024,9,19.56,0
Melbourne Olympic Park VIC,2013,1,26.60322581,26.72903226
Melbourne Olympic Park VIC,2013,2,28.52142857,24.03928571
Melbourne Olympic Park VIC,2013,3,26.88709677,17.36774194
Melbourne Olympic Park VIC,2013,4,20.27666667,11.12333333
Melbourne Olympic Park VIC,2013,5,17.75806452,7.606451613
Melbourne Olympic Park VIC,2013,6,14.79666667,6.14
Melbourne Olympic Park VIC,2013,7,15.56451613,7.019354839
Melbourne Olympic Park VIC,2013,8,15.83548387,9.225806452
Melbourne Olympic Park VIC,2013,9,19.10333333,12.82666667
Melbourne Olympic Park VIC,2013,10,18.54516129,15.19032258
Melbourne Olympic Park VIC,2013,11,20.75,20.50666667
Melbourne Olympic Park VIC,2013,12,23.7,24.53225806
Melbourne Olympic Park VIC,2014,1,28.00967742,25.20967742
Melbourne Olympic Park VIC,2014,2,27.98928571,21.28571429
Melbourne Olympic Park VIC,2014,3,25.16774194,14.86129032
Melbourne Olympic Park VIC,2014,4,20.88666667,9.076666667
Melbourne Olympic Park VIC,2014,5,18.77741935,7.264516129
Melbourne Olympic Park VIC,2014,6,15.24666667,5.676666667
Melbourne Olympic Park VIC,2014,7,14.0516129,6.929032258
Melbourne Olympic Park VIC,2014,8,14.93548387,9.716129032
Melbourne Olympic Park VIC,2014,9,18.11666667,14.39
Melbourne Olympic Park VIC,2014,10,21.31290323,18.07741935
Melbourne Olympic Park VIC,2014,11,22.97333333,22.41666667
Melbourne Olympic Park VIC,2014,12,23.97741935,26.60645161
Melbourne Olympic Park VIC,2015,1,26.42580645,23.00322581
Melbourne Olympic Park VIC,2015,2,27.45714286,20.05
Melbourne Olympic Park VIC,2015,3,22.73793103,16.47096774
Melbourne Olympic Park VIC,2015,4,19.28333333,11.06666667
Melbourne Olympic Park VIC,2015,5,17.01935484,7.54516129
Melbourne Olympic Park VIC,2015,6,14.44,6.663333333
Melbourne Olympic Park VIC,2015,7,13.08387097,6.916129032
Melbourne Olympic Park VIC,2015,8,13.59032258,9.022580645
Melbourne Olympic Park VIC,2015,9,16.88,14.64666667
Melbourne Olympic Park VIC,2015,10,24.28064516,20.05483871
Melbourne Olympic Park VIC,2015,11,22.74,22.3
Melbourne Olympic Park VIC,2015,12,28.15806452,27.41935484
Melbourne Olympic Park VIC,2016,1,26.76129032,22.65806452
Melbourne Olympic Park VIC,2016,2,25.71724138,21.52758621
Melbourne Olympic Park VIC,2016,3,25.1,14.72580645
Melbourne Olympic Park VIC,2016,4,22.39333333,12.06
Melbourne Olympic Park VIC,2016,5,18.53870968,8.093548387
Melbourne Olympic Park VIC,2016,6,14.10333333,6.563333333
Melbourne Olympic Park VIC,2016,7,14.29677419,7.24516129
Melbourne Olympic Park VIC,2016,8,15.5516129,10.12258065
Melbourne Olympic Park VIC,2016,9,16.71333333,12.62
Melbourne Olympic Park VIC,2016,10,18.82903226,17.51935484
Melbourne Olympic Park VIC,2016,11,20.69,20.49333333
Melbourne Olympic Park VIC,2016,12,25.51290323,22.77419355
Melbourne Olympic Park VIC,2017,1,26.11612903,23.39032258
Melbourne Olympic Park VIC,2017,2,25.6,20.48214286
Melbourne Olympic Park VIC,2017,3,26.99677419,16.8
Melbourne Olympic Park VIC,2017,4,20.89,10.75
Melbourne Olympic Park VIC,2017,5,17.31612903,8.312903226
Melbourne Olympic Park VIC,2017,6,14.50333333,7.176666667
Melbourne Olympic Park VIC,2017,7,14.42580645,7.906451613
Melbourne Olympic Park VIC,2017,8,14.51612903,10.10967742
Melbourne Olympic Park VIC,2017,9,17.0137931,12.64333333
Melbourne Olympic Park VIC,2017,10,20.67741935,18.30322581
Melbourne Olympic Park VIC,2017,11,26.41333333,22.68
Melbourne Olympic Park VIC,2017,12,24.65483871,25.52580645
Melbourne Olympic Park VIC,2018,1,27.88709677,23.91935484
Melbourne Olympic Park VIC,2018,2,27.26071429,20.83571429
Melbourne Olympic Park VIC,2018,3,24.87741935,16.6516129
Melbourne Olympic Park VIC,2018,4,21.60666667,10.92
Melbourne Olympic Park VIC,2018,5,17.50645161,7.296774194
Melbourne Olympic Park VIC,2018,6,14.24333333,7.176666667
Melbourne Olympic Park VIC,2018,7,14.76774194,7.983870968
Melbourne Olympic Park VIC,2018,8,14.86129032,10.09677419
Melbourne Olympic Park VIC,2018,9,17.24137931,14.63666667
Melbourne Olympic Park VIC,2018,10,21.34516129,19.23225806
Melbourne Olympic Park VIC,2018,11,22.10666667,21.97666667
Melbourne Olympic Park VIC,2018,12,25.95483871,22.2516129
Melbourne Olympic Park VIC,2019,1,29.04516129,25.61935484
Melbourne Olympic Park VIC,2019,2,26.53214286,21.4
Melbourne Olympic Park VIC,2019,3,25.57741935,15.86774194
Melbourne Olympic Park VIC,2019,4,22.18333333,11.10666667
Melbourne Olympic Park VIC,2019,5,17.79032258,7.629032258
Melbourne Olympic Park VIC,2019,6,15.31666667,7.216666667
Melbourne Olympic Park VIC,2019,7,14.55483871,7.7
Melbourne Olympic Park VIC,2019,8,14.23870968,10.0483871
Melbourne Olympic Park VIC,2019,9,17.27931034,14.45666667
Melbourne Olympic Park VIC,2019,10,21.05806452,18.81935484
Melbourne Olympic Park VIC,2019,11,21.31,22.91666667
Melbourne Olympic Park VIC,2019,12,24.99354839,26.33548387
Melbourne Olympic Park VIC,2020,1,26.93225806,21.83225806
Melbourne Olympic Park VIC,2020,2,24.30689655,17.91724138
Melbourne Olympic Park VIC,2020,3,23.06451613,14.34516129
Melbourne Olympic Park VIC,2020,4,18.95,9.793333333
Melbourne Olympic Park VIC,2020,5,16.46428571,8.325806452
Melbourne Olympic Park VIC,2020,6,14.80333333,7.573333333
Melbourne Olympic Park VIC,2020,7,13.71290323,7.85483871
Melbourne Olympic Park VIC,2020,8,14.90645161,10.55806452
Melbourne Olympic Park VIC,2020,9,17.97666667,14.45333333
Melbourne Olympic Park VIC,2020,10,19.0516129,16.66451613
Melbourne Olympic Park VIC,2020,11,24.44666667,22.55333333
Melbourne Olympic Park VIC,2020,12,22.77741935,23.84516129
Melbourne Olympic Park VIC,2021,1,25.38387097,21.93225806
Melbourne Olympic Park VIC,2021,2,24.79642857,19.15714286
Melbourne Olympic Park VIC,2021,3,22.18387097,13.88387097
Melbourne Olympic Park VIC,2021,4,20.06896552,10.28
Melbourne Olympic Park VIC,2021,5,17.43548387,8.051612903
Melbourne Olympic Park VIC,2021,6,15.16333333,6.703333333
Melbourne Olympic Park VIC,2021,7,14.30666667,7.703225806
Melbourne Olympic Park VIC,2021,8,16.225,10.56451613
Melbourne Olympic Park VIC,2021,9,18.04482759,14.18666667
Melbourne Olympic Park VIC,2021,10,18.99677419,18.51612903
Melbourne Olympic Park VIC,2021,11,20.82333333,21.51666667
Melbourne Olympic Park VIC,2021,12,25.12580645,23.98709677
Melbourne Olympic Park VIC,2022,1,29.41935484,23.64516129
Melbourne Olympic Park VIC,2022,2,25.15,20.81785714
Melbourne Olympic Park VIC,2022,3,24.50645161,14.72580645
Melbourne Olympic Park VIC,2022,4,21.62068966,9.956666667
Melbourne Olympic Park VIC,2022,5,16.80322581,7.567741935
Melbourne Olympic Park VIC,2022,6,14.03333333,6.92
Melbourne Olympic Park VIC,2022,7,13.84827586,8.029032258
Melbourne Olympic Park VIC,2022,8,15.50322581,9.735483871
Melbourne Olympic Park VIC,2022,9,16.79333333,13.07333333
Melbourne Olympic Park VIC,2022,10,18.79655172,15.94193548
Melbourne Olympic Park VIC,2022,11,20.05,19.65
Melbourne Olympic Park VIC,2022,12,23.64193548,24.73225806
Melbourne Olympic Park VIC,2023,1,26.67419355,23.2483871
Melbourne Olympic Park VIC,2023,2,25.21071429,19.59642857
Melbourne Olympic Park VIC,2023,3,23.12903226,14.9
Melbourne Olympic Park VIC,2023,4,20.29666667,10.43666667
Melbourne Olympic Park VIC,2023,5,16.40344828,8.158064516
Melbourne Olympic Park VIC,2023,6,15.09655172,7.073333333
Melbourne Olympic Park VIC,2023,7,14.944,8.309677419
Melbourne Olympic Park VIC,2023,8,15.94137931,10.17741935
Melbourne Olympic Park VIC,2023,9,19.96333333,16.33
Melbourne Olympic Park VIC,2023,10,19.0516129,17.66129032
Melbourne Olympic Park VIC,2023,11,21.51,21.29666667
Melbourne Olympic Park VIC,2023,12,23.68709677,22.01290323
Melbourne Olympic Park VIC,2024,1,25.17096774,22.44193548
Melbourne Olympic Park VIC,2024,2,26.83448276,22.27931034
Melbourne Olympic Park VIC,2024,3,25.16129032,17.33225806
Melbourne Olympic Park VIC,2024,4,18.98333333,10.29666667
Melbourne Olympic Park VIC,2024,5,17.04193548,9.061290323
Melbourne Olympic Park VIC,2024,6,14.16333333,7.11
Melbourne Olympic Park VIC,2024,7,13.40967742,7.383870968
Melbourne Olympic Park VIC,2024,8,17.98666667,11.06774194
Melbourne Olympic Park VIC,2024,9,18.91,10.46
Melbourne Airport VIC,2013,1,28.00967742,0
Melbourne Airport VIC,2013,2,29.02857143,0
Melbourne Airport VIC,2013,3,26.94516129,0
Melbourne Airport VIC,2013,4,20.45666667,0
Melbourne Airport VIC,2013,5,17.66774194,0
Melbourne Airport VIC,2013,6,14.1,0
Melbourne Airport VIC,2013,7,14.73225806,0
Melbourne Airport VIC,2013,8,15.58709677,0
Melbourne Airport VIC,2013,9,19.06333333,0
Melbourne Airport VIC,2013,10,18.86774194,0
Melbourne Airport VIC,2013,11,21.07,0
Melbourne Airport VIC,2013,12,24.74516129,0
Melbourne Airport VIC,2014,1,28.86774194,0
Melbourne Airport VIC,2014,2,28.78214286,0
Melbourne Airport VIC,2014,3,25.51290323,0
Melbourne Airport VIC,2014,4,20.11,0
Melbourne Airport VIC,2014,5,18.42580645,0
Melbourne Airport VIC,2014,6,14.65,0
Melbourne Airport VIC,2014,7,13.51935484,0
Melbourne Airport VIC,2014,8,14.98709677,0
Melbourne Airport VIC,2014,9,18.13333333,0
Melbourne Airport VIC,2014,10,22.09354839,0
Melbourne Airport VIC,2014,11,23.92666667,0
Melbourne Airport VIC,2014,12,24.87741935,0
Melbourne Airport VIC,2015,1,26.89354839,0
Melbourne Airport VIC,2015,2,28.00357143,0
Melbourne Airport VIC,2015,3,23.75806452,0
Melbourne Airport VIC,2015,4,19.38,0
Melbourne Airport VIC,2015,5,16.89354839,0
Melbourne Airport VIC,2015,6,13.81666667,0
Melbourne Airport VIC,2015,7,12.74516129,0
Melbourne Airport VIC,2015,8,13.4,0
Melbourne Airport VIC,2015,9,17.29333333,0
Melbourne Airport VIC,2015,10,25.48064516,0
Melbourne Airport VIC,2015,11,23.57333333,0
Melbourne Airport VIC,2015,12,29.09677419,0
Melbourne Airport VIC,2016,1,27.17419355,0
Melbourne Airport VIC,2016,2,26.98965517,0
Melbourne Airport VIC,2016,3,25.66129032,0
Melbourne Airport VIC,2016,4,22.68666667,0
Melbourne Airport VIC,2016,5,18.12258065,0
Melbourne Airport VIC,2016,6,13.52333333,0
Melbourne Airport VIC,2016,7,13.8,0
Melbourne Airport VIC,2016,8,15.17741935,0
Melbourne Airport VIC,2016,9,16.17,0
Melbourne Airport VIC,2016,10,18.51935484,0
Melbourne Airport VIC,2016,11,21.24,0
Melbourne Airport VIC,2016,12,26.31612903,0
Melbourne Airport VIC,2017,1,27.60322581,0
Melbourne Airport VIC,2017,2,26.68214286,0
Melbourne Airport VIC,2017,3,27.76129032,0
Melbourne Airport VIC,2017,4,20.58,0
Melbourne Airport VIC,2017,5,16.59677419,0
Melbourne Airport VIC,2017,6,14.33,0
Melbourne Airport VIC,2017,7,13.97096774,0
Melbourne Airport VIC,2017,8,14.22903226,0
Melbourne Airport VIC,2017,9,17.67333333,0
Melbourne Airport VIC,2017,10,21.58387097,0
Melbourne Airport VIC,2017,11,26.60666667,0
Melbourne Airport VIC,2017,12,25.55483871,0
Melbourne Airport VIC,2018,1,28.25806452,0
Melbourne Airport VIC,2018,2,27.86785714,0
Melbourne Airport VIC,2018,3,25.84193548,0
Melbourne Airport VIC,2018,4,22.92333333,0
Melbourne Airport VIC,2018,5,17.19677419,0
Melbourne Airport VIC,2018,6,13.92,0
Melbourne Airport VIC,2018,7,14.13548387,0
Melbourne Airport VIC,2018,8,14.80322581,0
Melbourne Airport VIC,2018,9,17.42333333,0
Melbourne Airport VIC,2018,10,21.75806452,0
Melbourne Airport VIC,2018,11,22.46333333,0
Melbourne Airport VIC,2018,12,26.06774194,0
Melbourne Airport VIC,2019,1,30.44516129,0
Melbourne Airport VIC,2019,2,27.66071429,0
Melbourne Airport VIC,2019,3,26.37741935,0
Melbourne Airport VIC,2019,4,22.58333333,0
Melbourne Airport VIC,2019,5,17.49032258,0
Melbourne Airport VIC,2019,6,14.68,0
Melbourne Airport VIC,2019,7,14.32258065,0
Melbourne Airport VIC,2019,8,14.07096774,0
Melbourne Airport VIC,2019,9,17.47333333,0
Melbourne Airport VIC,2019,10,21.57096774,0
Melbourne Airport VIC,2019,11,22.38666667,0
Melbourne Airport VIC,2019,12,26.41612903,0
Melbourne Airport VIC,2020,1,27.81290323,0
Melbourne Airport VIC,2020,2,24.92413793,0
Melbourne Airport VIC,2020,3,22.92258065,0
Melbourne Airport VIC,2020,4,18.78333333,0
Melbourne Airport VIC,2020,5,15.49032258,0
Melbourne Airport VIC,2020,6,14.20666667,0
Melbourne Airport VIC,2020,7,13.21935484,0
Melbourne Airport VIC,2020,8,14.53870968,0
Melbourne Airport VIC,2020,9,17.69666667,0
Melbourne Airport VIC,2020,10,18.99354839,0
Melbourne Airport VIC,2020,11,24.78666667,0
Melbourne Airport VIC,2020,12,23.80322581,0
Melbourne Airport VIC,2021,1,26.13225806,0
Melbourne Airport VIC,2021,2,25.325,0
Melbourne Airport VIC,2021,3,22.51290323,0
Melbourne Airport VIC,2021,4,20.64,0
Melbourne Airport VIC,2021,5,17.34516129,0
Melbourne Airport VIC,2021,6,14.49666667,0
Melbourne Airport VIC,2021,7,13.47419355,0
Melbourne Airport VIC,2021,8,15.82580645,0
Melbourne Airport VIC,2021,9,17.89666667,0
Melbourne Airport VIC,2021,10,19.21290323,0
Melbourne Airport VIC,2021,11,20.28,0
Melbourne Airport VIC,2021,12,24.70322581,0
Melbourne Airport VIC,2022,1,29.96129032,0
Melbourne Airport VIC,2022,2,26.32142857,0
Melbourne Airport VIC,2022,3,24.6483871,0
Melbourne Airport VIC,2022,4,20.7,0
Melbourne Airport VIC,2022,5,16.41290323,0
Melbourne Airport VIC,2022,6,13.56333333,0
Melbourne Airport VIC,2022,7,13.41290323,0
Melbourne Airport VIC,2022,8,14.99677419,0
Melbourne Airport VIC,2022,9,16.07666667,0
Melbourne Airport VIC,2022,10,18.89032258,0
Melbourne Airport VIC,2022,11,20.06666667,0
Melbourne Airport VIC,2022,12,24.13870968,0
Melbourne Airport VIC,2023,1,26.92258065,0
Melbourne Airport VIC,2023,2,25.88928571,0
Melbourne Airport VIC,2023,3,23.7516129,0
Melbourne Airport VIC,2023,4,20.27333333,0
Melbourne Airport VIC,2023,5,16.19655172,0
Melbourne Airport VIC,2023,6,14.43333333,0
Melbourne Airport VIC,2023,7,14.83870968,0
Melbourne Airport VIC,2023,8,15.7,0
Melbourne Airport VIC,2023,9,20.69666667,0
Melbourne Airport VIC,2023,10,19.86774194,0
Melbourne Airport VIC,2023,11,22.40666667,0
Melbourne Airport VIC,2023,12,24.01612903,0
Melbourne Airport VIC,2024,1,25.85483871,0
Melbourne Airport VIC,2024,2,27.92758621,0
Melbourne Airport VIC,2024,3,26.32903226,0
Melbourne Airport VIC,2024,4,18.97666667,0
Melbourne Airport VIC,2024,5,17.24193548,0
Melbourne Airport VIC,2024,6,13.48333333,0
Melbourne Airport VIC,2024,7,12.97741935,0
Melbourne Airport VIC,2024,8,17.63548387,0
Melbourne Airport VIC,2024,9,18.5,0
Mornington VIC,2013,1,,0
Mornington VIC,2013,2,,0
Mornington VIC,2013,3,,0
Mornington VIC,2013,4,,0
Mornington VIC,2013,5,,0
Mornington VIC,2013,6,14.85333333,0
Mornington VIC,2013,7,15.70645161,0
Mornington VIC,2013,8,16.27096774,0
Mornington VIC,2013,9,19.48,0
Mornington VIC,2013,10,19.10322581,0
Mornington VIC,2013,11,20.79333333,0
Mornington VIC,2013,12,23.7,0
Mornington VIC,2014,1,27.33870968,0
Mornington VIC,2014,2,27.13928571,0
Mornington VIC,2014,3,24.43225806,0
Mornington VIC,2014,4,20.57,0
Mornington VIC,2014,5,19.03870968,0
Mornington VIC,2014,6,15.41333333,0
Mornington VIC,2014,7,14.46451613,0
Mornington VIC,2014,8,15.44193548,0
Mornington VIC,2014,9,18.52666667,0
Mornington VIC,2014,10,21.69032258,0
Mornington VIC,2014,11,22.74666667,0
Mornington VIC,2014,12,23.93225806,0
Mornington VIC,2015,1,25.8516129,0
Mornington VIC,2015,2,26.37142857,0
Mornington VIC,2015,3,22.72258065,0
Mornington VIC,2015,4,19.23666667,0
Mornington VIC,2015,5,17.13225806,0
Mornington VIC,2015,6,14.42666667,0
Mornington VIC,2015,7,13.29354839,0
Mornington VIC,2015,8,13.84516129,0
Mornington VIC,2015,9,17.25666667,0
Mornington VIC,2015,10,24.32580645,0
Mornington VIC,2015,11,22.72666667,0
Mornington VIC,2015,12,27.4516129,0
Mornington VIC,2016,1,25.98387097,0
Mornington VIC,2016,2,25.09655172,0
Mornington VIC,2016,3,24.85806452,0
Mornington VIC,2016,4,22.44,0
Mornington VIC,2016,5,18.59354839,0
Mornington VIC,2016,6,14.22333333,0
Mornington VIC,2016,7,14.59677419,0
Mornington VIC,2016,8,15.91290323,0
Mornington VIC,2016,9,16.71,0
Mornington VIC,2016,10,19.25483871,0
Mornington VIC,2016,11,20.80666667,0
Mornington VIC,2016,12,25.50645161,0
Mornington VIC,2017,1,26.45806452,0
Mornington VIC,2017,2,25.85357143,0
Mornington VIC,2017,3,26.86451613,0
Mornington VIC,2017,4,20.83,0
Mornington VIC,2017,5,17.24193548,0
Mornington VIC,2017,6,14.92666667,0
Mornington VIC,2017,7,14.54516129,0
Mornington VIC,2017,8,14.78387097,0
Mornington VIC,2017,9,17.77333333,0
Mornington VIC,2017,10,20.68709677,0
Mornington VIC,2017,11,25.92,0
Mornington VIC,2017,12,24.97419355,0
Mornington VIC,2018,1,27.18387097,0
Mornington VIC,2018,2,26.98928571,0
Mornington VIC,2018,3,24.92580645,0
Mornington VIC,2018,4,21.84333333,0
Mornington VIC,2018,5,17.64516129,0
Mornington VIC,2018,6,14.25,0
Mornington VIC,2018,7,14.83548387,0
Mornington VIC,2018,8,15.07741935,0
Mornington VIC,2018,9,17.23333333,0
Mornington VIC,2018,10,21.3516129,0
Mornington VIC,2018,11,21.96,0
Mornington VIC,2018,12,25.73225806,0
Mornington VIC,2019,1,28.37741935,0
Mornington VIC,2019,2,26.00714286,0
Mornington VIC,2019,3,24.76129032,0
Mornington VIC,2019,4,22.04666667,0
Mornington VIC,2019,5,17.81935484,0
Mornington VIC,2019,6,15.47333333,0
Mornington VIC,2019,7,15,0
Mornington VIC,2019,8,14.47419355,0
Mornington VIC,2019,9,17.75666667,0
Mornington VIC,2019,10,21.32580645,0
Mornington VIC,2019,11,21.79333333,0
Mornington VIC,2019,12,24.55483871,0
Mornington VIC,2020,1,26.93548387,0
Mornington VIC,2020,2,24.40689655,0
Mornington VIC,2020,3,22.92580645,0
Mornington VIC,2020,4,19.31333333,0
Mornington VIC,2020,5,16.36774194,0
Mornington VIC,2020,6,14.85,0
Mornington VIC,2020,7,13.98064516,0
Mornington VIC,2020,8,15.1483871,0
Mornington VIC,2020,9,18.07666667,0
Mornington VIC,2020,10,19.1483871,0
Mornington VIC,2020,11,24.45666667,0
Mornington VIC,2020,12,22.87419355,0
Mornington VIC,2021,1,25.22903226,0
Mornington VIC,2021,2,24.54642857,0
Mornington VIC,2021,3,22.02903226,0
Mornington VIC,2021,4,20.21333333,0
Mornington VIC,2021,5,17.77096774,0
Mornington VIC,2021,6,15.33666667,0
Mornington VIC,2021,7,14.29666667,0
Mornington VIC,2021,8,16.36451613,0
Mornington VIC,2021,9,18.22333333,0
Mornington VIC,2021,10,19.36774194,0
Mornington VIC,2021,11,20.56,0
Mornington VIC,2021,12,24.28064516,0
Mornington VIC,2022,1,29.1,0
Mornington VIC,2022,2,25.14642857,0
Mornington VIC,2022,3,24.3483871,0
Mornington VIC,2022,4,21.07666667,0
Mornington VIC,2022,5,16.75483871,0
Mornington VIC,2022,6,14.05666667,0
Mornington VIC,2022,7,14.02258065,0
Mornington VIC,2022,8,15.58709677,0
Mornington VIC,2022,9,16.57333333,0
Mornington VIC,2022,10,19.16451613,0
Mornington VIC,2022,11,20.24666667,0
Mornington VIC,2022,12,23.86129032,0
Mornington VIC,2023,1,26.09032258,0
Mornington VIC,2023,2,25,0
Mornington VIC,2023,3,23.00967742,0
Mornington VIC,2023,4,20.19333333,0
Mornington VIC,2023,5,16.41290323,0
Mornington VIC,2023,6,15.18666667,0
Mornington VIC,2023,7,15.36129032,0
Mornington VIC,2023,8,15.84193548,0
Mornington VIC,2023,9,20.11,0
Mornington VIC,2023,10,19.2483871,0
Mornington VIC,2023,11,21.58,0
Mornington VIC,2023,12,23.79354839,0
Mornington VIC,2024,1,25.31935484,0
Mornington VIC,2024,2,26.45172414,0
Mornington VIC,2024,3,25.07419355,0
Mornington VIC,2024,4,19.11333333,0
Mornington VIC,2024,5,17.29677419,0
Mornington VIC,2024,6,14.22666667,0
Mornington VIC,2024,7,13.40967742,0
Mornington VIC,2024,8,18.2516129,0
Mornington VIC,2024,9,19.17,0
Point Cook RAAF VIC,2021,1,,0
Point Cook RAAF VIC,2021,2,,0
Point Cook RAAF VIC,2021,3,,0
Point Cook RAAF VIC,2021,4,,0
Point Cook RAAF VIC,2021,5,,0
Point Cook RAAF VIC,2021,6,,0
Point Cook RAAF VIC,2021,7,,0
Point Cook RAAF VIC,2021,8,,0
Point Cook RAAF VIC,2021,9,,0
Point Cook RAAF VIC,2021,10,,0
Point Cook RAAF VIC,2021,11,,0
Point Cook RAAF VIC,2021,12,23.58,0
Point Cook RAAF VIC,2022,1,26.59354839,0
Point Cook RAAF VIC,2022,2,24.21785714,0
Point Cook RAAF VIC,2022,3,23.62903226,0
Point Cook RAAF VIC,2022,4,20.90666667,0
Point Cook RAAF VIC,2022,5,16.01290323,0
Point Cook RAAF VIC,2022,6,13.96,0
Point Cook RAAF VIC,2022,7,13.42,0
Point Cook RAAF VIC,2022,8,15.30322581,0
Point Cook RAAF VIC,2022,9,15.91666667,0
Point Cook RAAF VIC,2022,10,18.12903226,0
Point Cook RAAF VIC,2022,11,19.42068966,0
Point Cook RAAF VIC,2022,12,22.69032258,0
Point Cook RAAF VIC,2023,1,26.01612903,0
Point Cook RAAF VIC,2023,2,24.95,0
Point Cook RAAF VIC,2023,3,22.9516129,0
Point Cook RAAF VIC,2023,4,20.04666667,0
Point Cook RAAF VIC,2023,5,16.35333333,0
Point Cook RAAF VIC,2023,6,14.99,0
Point Cook RAAF VIC,2023,7,15.15483871,0
Point Cook RAAF VIC,2023,8,15.90645161,0
Point Cook RAAF VIC,2023,9,20.18,0
Point Cook RAAF VIC,2023,10,19.2483871,0
Point Cook RAAF VIC,2023,11,21.08333333,0
Point Cook RAAF VIC,2023,12,22.92258065,0
Point Cook RAAF VIC,2024,1,24.15806452,0
Point Cook RAAF VIC,2024,2,26.7137931,0
Point Cook RAAF VIC,2024,3,24.90322581,0
Point Cook RAAF VIC,2024,4,19.00666667,0
Point Cook RAAF VIC,2024,5,16.51333333,0
Point Cook RAAF VIC,2024,6,13.98333333,0
Point Cook RAAF VIC,2024,7,13.40967742,0
Point Cook RAAF VIC,2024,8,17.93870968,0
Point Cook RAAF VIC,2024,9,19.23,0
South Channel Island VIC,2013,1,28.17096774,0
South Channel Island VIC,2013,2,29.75357143,0
South Channel Island VIC,2013,3,26.71935484,0
South Channel Island VIC,2013,4,20.41333333,0
South Channel Island VIC,2013,5,17.28387097,0
South Channel Island VIC,2013,6,14.47333333,0
South Channel Island VIC,2013,7,15.00645161,0
South Channel Island VIC,2013,8,15.37096774,0
South Channel Island VIC,2013,9,19.08333333,0
South Channel Island VIC,2013,10,18.59354839,0
South Channel Island VIC,2013,11,21.15,0
South Channel Island VIC,2013,12,24.22580645,0
South Channel Island VIC,2014,1,28.86774194,0
South Channel Island VIC,2014,2,29.26071429,0
South Channel Island VIC,2014,3,26.09677419,0
South Channel Island VIC,2014,4,20.62,0
South Channel Island VIC,2014,5,18.60645161,0
South Channel Island VIC,2014,6,14.58,0
South Channel Island VIC,2014,7,13.65483871,0
South Channel Island VIC,2014,8,15.14193548,0
South Channel Island VIC,2014,9,18.09666667,0
South Channel Island VIC,2014,10,21.41290323,0
South Channel Island VIC,2014,11,23.53666667,0
South Channel Island VIC,2014,12,24.85,0
South Channel Island VIC,2015,1,26.44666667,0
South Channel Island VIC,2015,2,28.14285714,0
South Channel Island VIC,2015,3,23.16451613,0
South Channel Island VIC,2015,4,19.55333333,0
South Channel Island VIC,2015,5,16.58064516,0
South Channel Island VIC,2015,6,14.30666667,0
South Channel Island VIC,2015,7,12.6516129,0
South Channel Island VIC,2015,8,13.56451613,0
South Channel Island VIC,2015,9,17.16333333,0
South Channel Island VIC,2015,10,24.66774194,0
South Channel Island VIC,2015,11,23.39,0
South Channel Island VIC,2015,12,29.27,0
South Channel Island VIC,2016,1,27.66,0
South Channel Island VIC,2016,2,27.03793103,0
South Channel Island VIC,2016,3,25.98064516,0
South Channel Island VIC,2016,4,22.33333333,0
South Channel Island VIC,2016,5,18.0483871,0
South Channel Island VIC,2016,6,13.74666667,0
South Channel Island VIC,2016,7,13.88333333,0
South Channel Island VIC,2016,8,15.30967742,0
South Channel Island VIC,2016,9,16.49333333,0
South Channel Island VIC,2016,10,18.90666667,0
South Channel Island VIC,2016,11,21.26666667,0
South Channel Island VIC,2016,12,26.33225806,0
South Channel Island VIC,2017,1,27.78387097,0
South Channel Island VIC,2017,2,26.12857143,0
South Channel Island VIC,2017,3,27.83225806,0
South Channel Island VIC,2017,4,20.83,0
South Channel Island VIC,2017,5,16.98064516,0
South Channel Island VIC,2017,6,14.16206897,0
South Channel Island VIC,2017,7,14.01935484,0
South Channel Island VIC,2017,8,14.17419355,0
South Channel Island VIC,2017,9,16.99,0
South Channel Island VIC,2017,10,21.41034483,0
South Channel Island VIC,2017,11,26.53333333,0
South Channel Island VIC,2017,12,25.5,0
South Channel Island VIC,2018,1,29.34137931,0
South Channel Island VIC,2018,2,28.31428571,0
South Channel Island VIC,2018,3,25.90322581,0
South Channel Island VIC,2018,4,22.70666667,0
South Channel Island VIC,2018,5,17.2,0
South Channel Island VIC,2018,6,14.10666667,0
South Channel Island VIC,2018,7,14.39032258,0
South Channel Island VIC,2018,8,14.56451613,0
South Channel Island VIC,2018,9,17.36153846,0
South Channel Island VIC,2018,10,21.24666667,0
South Channel Island VIC,2018,11,22.22666667,0
South Channel Island VIC,2018,12,26.42068966,0
South Channel Island VIC,2019,1,31.23548387,0
South Channel Island VIC,2019,2,28.02857143,0
South Channel Island VIC,2019,3,26.54,0
South Channel Island VIC,2019,4,22.27,0
South Channel Island VIC,2019,5,17.27741935,0
South Channel Island VIC,2019,6,14.68928571,0
South Channel Island VIC,2019,7,14.10645161,0
South Channel Island VIC,2019,8,13.89,0
South Channel Island VIC,2019,9,17.25517241,0
South Channel Island VIC,2019,10,20.89655172,0
South Channel Island VIC,2019,11,21.56666667,0
South Channel Island VIC,2019,12,26.17666667,0
South Channel Island VIC,2020,1,27.41612903,0
South Channel Island VIC,2020,2,24.82222222,0
South Channel Island VIC,2020,3,22.93870968,0
South Channel Island VIC,2020,4,18.93333333,0
South Channel Island VIC,2020,5,15.86774194,0
South Channel Island VIC,2020,6,14.46333333,0
South Channel Island VIC,2020,7,13.57741935,0
South Channel Island VIC,2020,8,14.72903226,0
South Channel Island VIC,2020,9,17.89666667,0
South Channel Island VIC,2020,10,19.49354839,0
South Channel Island VIC,2020,11,24.75333333,0
South Channel Island VIC,2020,12,23.81290323,0
South Channel Island VIC,2021,1,26.3483871,0
South Channel Island VIC,2021,2,25.61785714,0
South Channel Island VIC,2021,3,22.83225806,0
South Channel Island VIC,2021,4,20.13333333,0
South Channel Island VIC,2021,5,17.28709677,0
South Channel Island VIC,2021,6,14.61,0
South Channel Island VIC,2021,7,13.51290323,0
South Channel Island VIC,2021,8,15.68064516,0
South Channel Island VIC,2021,9,17.668,0
South Channel Island VIC,2021,10,19.11290323,0
South Channel Island VIC,2021,11,20.85333333,0
South Channel Island VIC,2021,12,25.10322581,0
South Channel Island VIC,2022,1,30.07419355,0
South Channel Island VIC,2022,2,26.79642857,0
South Channel Island VIC,2022,3,25.40645161,0
South Channel Island VIC,2022,4,21.05333333,0
South Channel Island VIC,2022,5,16.65806452,0
South Channel Island VIC,2022,6,13.51333333,0
South Channel Island VIC,2022,7,13.77333333,0
South Channel Island VIC,2022,8,14.99032258,0
South Channel Island VIC,2022,9,16.51,0
South Channel Island VIC,2022,10,18.87241379,0
South Channel Island VIC,2022,11,20.12,0
South Channel Island VIC,2022,12,24.46774194,0
South Channel Island VIC,2023,1,27.78387097,0
South Channel Island VIC,2023,2,26.31785714,0
South Channel Island VIC,2023,3,24.43225806,0
South Channel Island VIC,2023,4,20.12413793,0
South Channel Island VIC,2023,5,15.89354839,0
South Channel Island VIC,2023,6,14.56666667,0
South Channel Island VIC,2023,7,14.46774194,0
South Channel Island VIC,2023,8,15.66,0
South Channel Island VIC,2023,9,19.77586207,0
South Channel Island VIC,2023,10,18.66923077,0
South Channel Island VIC,2023,11,22.44,0
South Channel Island VIC,2023,12,24.35666667,0
South Channel Island VIC,2024,1,26.5862069,0
South Channel Island VIC,2024,2,27.46071429,0
South Channel Island VIC,2024,3,26.44516129,0
South Channel Island VIC,2024,4,18.92666667,0
South Channel Island VIC,2024,5,17.40645161,0
South Channel Island VIC,2024,6,13.69666667,0
South Channel Island VIC,2024,7,13.09677419,0
South Channel Island VIC,2024,8,17.82580645,0
South Channel Island VIC,2024,9,18.3,0
Wallan Kilmore Gap VIC,2013,1,27.96612903,0
Wallan Kilmore Gap VIC,2013,2,28.8625,0
Wallan Kilmore Gap VIC,2013,3,25.53225806,0
Wallan Kilmore Gap VIC,2013,4,19.145,0
Wallan Kilmore Gap VIC,2013,5,15.46129032,0
Wallan Kilmore Gap VIC,2013,6,12.52166667,0
Wallan Kilmore Gap VIC,2013,7,12.6483871,0
Wallan Kilmore Gap VIC,2013,8,13.42096774,0
Wallan Kilmore Gap VIC,2013,9,17.28166667,0
Wallan Kilmore Gap VIC,2013,10,17.33709677,0
Wallan Kilmore Gap VIC,2013,11,20.09333333,0
Wallan Kilmore Gap VIC,2013,12,24.06612903,0
Wallan Kilmore Gap VIC,2014,1,28.59677419,0
Wallan Kilmore Gap VIC,2014,2,28.60535714,0
Wallan Kilmore Gap VIC,2014,3,24.73064516,0
Wallan Kilmore Gap VIC,2014,4,18.785,0
Wallan Kilmore Gap VIC,2014,5,16.58225806,0
Wallan Kilmore Gap VIC,2014,6,12.78333333,0
Wallan Kilmore Gap VIC,2014,7,11.5016129,0
Wallan Kilmore Gap VIC,2014,8,13.2483871,0
Wallan Kilmore Gap VIC,2014,9,16.34333333,0
Wallan Kilmore Gap VIC,2014,10,20.2,0
Wallan Kilmore Gap VIC,2014,11,23.25833333,0
Wallan Kilmore Gap VIC,2014,12,25,0
Wallan Kilmore Gap VIC,2015,1,26.30322581,0
Wallan Kilmore Gap VIC,2015,2,27.59285714,0
Wallan Kilmore Gap VIC,2015,3,22.62258065,0
Wallan Kilmore Gap VIC,2015,4,17.94166667,0
Wallan Kilmore Gap VIC,2015,5,14.74032258,0
Wallan Kilmore Gap VIC,2015,6,11.93833333,0
Wallan Kilmore Gap VIC,2015,7,10.70806452,0
Wallan Kilmore Gap VIC,2015,8,11.71774194,0
Wallan Kilmore Gap VIC,2015,9,15.32166667,0
Wallan Kilmore Gap VIC,2015,10,23.49354839,0
Wallan Kilmore Gap VIC,2015,11,22.87333333,0
Wallan Kilmore Gap VIC,2015,12,28.90967742,0
Wallan Kilmore Gap VIC,2016,1,26.54516129,0
Wallan Kilmore Gap VIC,2016,2,26.69649123,0
Wallan Kilmore Gap VIC,2016,3,25.01612903,0
Wallan Kilmore Gap VIC,2016,4,21.06,0
Wallan Kilmore Gap VIC,2016,5,16.1483871,0
Wallan Kilmore Gap VIC,2016,6,11.64166667,0
Wallan Kilmore Gap VIC,2016,7,11.73225806,0
Wallan Kilmore Gap VIC,2016,8,13.15967742,0
Wallan Kilmore Gap VIC,2016,9,14.31166667,0
Wallan Kilmore Gap VIC,2016,10,16.88870968,0
Wallan Kilmore Gap VIC,2016,11,19.87288136,0
Wallan Kilmore Gap VIC,2016,12,25.71774194,0
Wallan Kilmore Gap VIC,2017,1,27.64032258,0
Wallan Kilmore Gap VIC,2017,2,25.87321429,0
Wallan Kilmore Gap VIC,2017,3,27.37580645,0
Wallan Kilmore Gap VIC,2017,4,19.16333333,0
Wallan Kilmore Gap VIC,2017,5,15.02096774,0
Wallan Kilmore Gap VIC,2017,6,12.395,0
Wallan Kilmore Gap VIC,2017,7,12.01612903,0
Wallan Kilmore Gap VIC,2017,8,12.38870968,0
Wallan Kilmore Gap VIC,2017,9,15.49166667,0
Wallan Kilmore Gap VIC,2017,10,19.72419355,0
Wallan Kilmore Gap VIC,2017,11,25.38,0
Wallan Kilmore Gap VIC,2017,12,24.93709677,0
Wallan Kilmore Gap VIC,2018,1,28.04193548,0
Wallan Kilmore Gap VIC,2018,2,27.17142857,0
Wallan Kilmore Gap VIC,2018,3,24.64677419,0
Wallan Kilmore Gap VIC,2018,4,21.92,0
Wallan Kilmore Gap VIC,2018,5,15.54,0
Wallan Kilmore Gap VIC,2018,6,11.93389831,0
Wallan Kilmore Gap VIC,2018,7,12.10491803,0
Wallan Kilmore Gap VIC,2018,8,12.91639344,0
Wallan Kilmore Gap VIC,2018,9,15.49333333,0
Wallan Kilmore Gap VIC,2018,10,20.03666667,0
Wallan Kilmore Gap VIC,2018,11,21.42542373,0
Wallan Kilmore Gap VIC,2018,12,25.75483871,0
Wallan Kilmore Gap VIC,2019,1,30.83387097,0
Wallan Kilmore Gap VIC,2019,2,27.08035714,0
Wallan Kilmore Gap VIC,2019,3,25.54677419,0
Wallan Kilmore Gap VIC,2019,4,21.17333333,0
Wallan Kilmore Gap VIC,2019,5,15.44677419,0
Wallan Kilmore Gap VIC,2019,6,12.67,0
Wallan Kilmore Gap VIC,2019,7,12.24098361,0
Wallan Kilmore Gap VIC,2019,8,12.01290323,0
Wallan Kilmore Gap VIC,2019,9,15.64137931,0
Wallan Kilmore Gap VIC,2019,10,19.9983871,0
Wallan Kilmore Gap VIC,2019,11,21.34166667,0
Wallan Kilmore Gap VIC,2019,12,25.90483871,0
Wallan Kilmore Gap VIC,2020,1,27.17580645,0
Wallan Kilmore Gap VIC,2020,2,24.40517241,0
Wallan Kilmore Gap VIC,2020,3,21.48225806,0
Wallan Kilmore Gap VIC,2020,4,17.18,0
Wallan Kilmore Gap VIC,2020,5,13.76612903,0
Wallan Kilmore Gap VIC,2020,6,12.53666667,0
Wallan Kilmore Gap VIC,2020,7,11.49193548,0
Wallan Kilmore Gap VIC,2020,8,12.67258065,0
Wallan Kilmore Gap VIC,2020,9,16.005,0
Wallan Kilmore Gap VIC,2020,10,17.65967742,0
Wallan Kilmore Gap VIC,2020,11,23.175,0
Wallan Kilmore Gap VIC,2020,12,23.02258065,0
Wallan Kilmore Gap VIC,2021,1,25.51129032,0
Wallan Kilmore Gap VIC,2021,2,24.51964286,0
Wallan Kilmore Gap VIC,2021,3,21.37096774,0
Wallan Kilmore Gap VIC,2021,4,18.95333333,0
Wallan Kilmore Gap VIC,2021,5,15.53442623,0
Wallan Kilmore Gap VIC,2021,6,12.69666667,0
Wallan Kilmore Gap VIC,2021,7,11.445,0
Wallan Kilmore Gap VIC,2021,8,13.96833333,0
Wallan Kilmore Gap VIC,2021,9,16.08,0
Wallan Kilmore Gap VIC,2021,10,17.38870968,0
Wallan Kilmore Gap VIC,2021,11,19.01,0
Wallan Kilmore Gap VIC,2021,12,23.83548387,0
Wallan Kilmore Gap VIC,2022,1,29.78870968,0
Wallan Kilmore Gap VIC,2022,2,25.60178571,0
Wallan Kilmore Gap VIC,2022,3,23.72786885,0
Wallan Kilmore Gap VIC,2022,4,19.06666667,0
Wallan Kilmore Gap VIC,2022,5,14.74677419,0
Wallan Kilmore Gap VIC,2022,6,11.71166667,0
Wallan Kilmore Gap VIC,2022,7,11.81612903,0
Wallan Kilmore Gap VIC,2022,8,13.10806452,0
Wallan Kilmore Gap VIC,2022,9,14.35333333,0
Wallan Kilmore Gap VIC,2022,10,17.49344262,0
Wallan Kilmore Gap VIC,2022,11,18.51186441,0
Wallan Kilmore Gap VIC,2022,12,23.21612903,0
Wallan Kilmore Gap VIC,2023,1,26.62096774,0
Wallan Kilmore Gap VIC,2023,2,25.36428571,0
Wallan Kilmore Gap VIC,2023,3,23.02741935,0
Wallan Kilmore Gap VIC,2023,4,18.575,0
Wallan Kilmore Gap VIC,2023,5,13.89677419,0
Wallan Kilmore Gap VIC,2023,6,12.44576271,0
Wallan Kilmore Gap VIC,2023,7,12.64193548,0
Wallan Kilmore Gap VIC,2023,8,13.79032258,0
Wallan Kilmore Gap VIC,2023,9,18.57457627,0
Wallan Kilmore Gap VIC,2023,10,17.97258065,0
Wallan Kilmore Gap VIC,2023,11,21.435,0
Wallan Kilmore Gap VIC,2023,12,23.67580645,0
Wallan Kilmore Gap VIC,2024,1,25.30806452,0
Wallan Kilmore Gap VIC,2024,2,26.82758621,0
Wallan Kilmore Gap VIC,2024,3,25.70806452,0
Wallan Kilmore Gap VIC,2024,4,17.56166667,0
Wallan Kilmore Gap VIC,2024,5,15.86290323,0
Wallan Kilmore Gap VIC,2024,6,11.5220339,0
Wallan Kilmore Gap VIC,2024,7,10.95806452,0
Wallan Kilmore Gap VIC,2024,8,15.64193548,0
Wallan Kilmore Gap VIC,2024,9,16.98947368,0
