,Year,Month,Location,avg_rainfall
0,2013,1,Essendon Airport VIC,0.1
1,2013,1,Melbourne Olympic Park VIC,0.198387097
2,2013,1,Moorabbin Airport VIC,0.335483871
3,2013,2,Essendon Airport VIC,2.177651515
4,2013,2,Melbourne Olympic Park VIC,2.894196429
5,2013,2,Moorabbin Airport VIC,2.891017316
6,2013,3,Essendon Airport VIC,1.422558995
7,2013,3,Melbourne Olympic Park VIC,1.395778307
8,2013,3,Moorabbin Airport VIC,0.790300931
9,2013,4,Essendon Airport VIC,0.77
10,2013,4,Melbourne Olympic Park VIC,0.979929078
11,2013,4,Moorabbin Airport VIC,0.914539007
12,2013,5,Essendon Airport VIC,1.193548387
13,2013,5,Melbourne Olympic Park VIC,1.531283602
14,2013,5,Moorabbin Airport VIC,1.739650538
15,2013,6,Essendon Airport VIC,3.041896552
16,2013,6,Melbourne Olympic Park VIC,2.986537356
17,2013,6,Moorabbin Airport VIC,3.353333333
18,2013,7,Essendon Airport VIC,2.193548387
19,2013,7,Melbourne Olympic Park VIC,2.47077573
20,2013,7,Moorabbin Airport VIC,3.280491551
21,2013,8,Essendon Airport VIC,1.587096774
22,2013,8,Melbourne Olympic Park VIC,2.083606867
23,2013,8,Moorabbin Airport VIC,2.653914356
24,2013,9,Essendon Airport VIC,2.473333333
25,2013,9,Melbourne Olympic Park VIC,2.873488372
26,2013,9,Moorabbin Airport VIC,3.010620155
27,2013,10,Essendon Airport VIC,1.580645161
28,2013,10,Melbourne Olympic Park VIC,1.752392473
29,2013,10,Moorabbin Airport VIC,2.006451613
30,2013,11,Essendon Airport VIC,1.843333333
31,2013,11,Melbourne Olympic Park VIC,2.29163215
32,2013,11,Moorabbin Airport VIC,3.454043393
33,2013,12,Essendon Airport VIC,1.258064516
34,2013,12,Melbourne Olympic Park VIC,1.521209677
35,2013,12,Moorabbin Airport VIC,1.887096774
36,2014,1,Essendon Airport VIC,0.390213231
37,2014,1,Melbourne Olympic Park VIC,0.461208311
38,2014,1,Moorabbin Airport VIC,0.744614543
39,2014,2,Essendon Airport VIC,0.707142857
40,2014,2,Melbourne Olympic Park VIC,0.807859347
41,2014,2,Moorabbin Airport VIC,0.957716049
42,2014,3,Essendon Airport VIC,0.709677419
43,2014,3,Melbourne Olympic Park VIC,0.817930108
44,2014,3,Moorabbin Airport VIC,0.741935484
45,2014,4,Essendon Airport VIC,2.688908046
46,2014,4,Melbourne Olympic Park VIC,2.605301724
47,2014,4,Moorabbin Airport VIC,2.893333333
48,2014,5,Essendon Airport VIC,1.020067287
49,2014,5,Melbourne Olympic Park VIC,1.452953691
50,2014,5,Moorabbin Airport VIC,2.234375618
51,2014,6,Essendon Airport VIC,1.633333333
52,2014,6,Melbourne Olympic Park VIC,1.973456033
53,2014,6,Moorabbin Airport VIC,3.087566462
54,2014,7,Essendon Airport VIC,0.658064516
55,2014,7,Melbourne Olympic Park VIC,0.950961363
56,2014,7,Moorabbin Airport VIC,1.402496811
57,2014,8,Essendon Airport VIC,0.961290323
58,2014,8,Melbourne Olympic Park VIC,1.109677419
59,2014,8,Moorabbin Airport VIC,1.256353591
60,2014,9,Essendon Airport VIC,1
61,2014,9,Melbourne Olympic Park VIC,1.348333333
62,2014,9,Moorabbin Airport VIC,1.746666667
63,2014,10,Essendon Airport VIC,1.180645161
64,2014,10,Melbourne Olympic Park VIC,1.32479059
65,2014,10,Moorabbin Airport VIC,1.529032258
66,2014,11,Essendon Airport VIC,1.842784091
67,2014,11,Melbourne Olympic Park VIC,2.070421402
68,2014,11,Moorabbin Airport VIC,2.376666667
69,2014,12,Essendon Airport VIC,1.058064516
70,2014,12,Melbourne Olympic Park VIC,1.269592808
71,2014,12,Moorabbin Airport VIC,1.722580645
72,2015,1,Essendon Airport VIC,1.158064516
73,2015,1,Melbourne Olympic Park VIC,1.577029721
74,2015,1,Moorabbin Airport VIC,1.385501993
75,2015,2,Essendon Airport VIC,1
76,2015,2,Melbourne Olympic Park VIC,1.565978876
77,2015,2,Moorabbin Airport VIC,1.315352787
78,2015,3,Essendon Airport VIC,0.632258065
79,2015,3,Melbourne Olympic Park VIC,0.895954226
80,2015,3,Moorabbin Airport VIC,0.496774194
81,2015,4,Essendon Airport VIC,1.186666667
82,2015,4,Melbourne Olympic Park VIC,1.786984848
83,2015,4,Moorabbin Airport VIC,1.559939394
84,2015,5,Essendon Airport VIC,1.361290323
85,2015,5,Melbourne Olympic Park VIC,1.493475073
86,2015,5,Moorabbin Airport VIC,2.551173021
87,2015,6,Essendon Airport VIC,0.96
88,2015,6,Melbourne Olympic Park VIC,1.037481061
89,2015,6,Moorabbin Airport VIC,1.486666667
90,2015,7,Essendon Airport VIC,1.690322581
91,2015,7,Melbourne Olympic Park VIC,2.232122146
92,2015,7,Moorabbin Airport VIC,2.493548387
93,2015,8,Essendon Airport VIC,1.019354839
94,2015,8,Melbourne Olympic Park VIC,1.536796144
95,2015,8,Moorabbin Airport VIC,1.517484253
96,2015,9,Essendon Airport VIC,1.118258427
97,2015,9,Melbourne Olympic Park VIC,1.112064607
98,2015,9,Moorabbin Airport VIC,1.32
99,2015,10,Essendon Airport VIC,0.425806452
100,2015,10,Melbourne Olympic Park VIC,0.460922059
101,2015,10,Moorabbin Airport VIC,0.570967742
102,2015,11,Essendon Airport VIC,1.8
103,2015,11,Melbourne Olympic Park VIC,1.601315029
104,2015,11,Moorabbin Airport VIC,1.53
105,2015,12,Essendon Airport VIC,1.295972197
106,2015,12,Melbourne Olympic Park VIC,1.360350205
107,2015,12,Moorabbin Airport VIC,1.612903226
108,2016,1,Essendon Airport VIC,1.767741935
109,2016,1,Melbourne Olympic Park VIC,1.654605565
110,2016,1,Moorabbin Airport VIC,1.798387097
111,2016,2,Essendon Airport VIC,0.165517241
112,2016,2,Melbourne Olympic Park VIC,0.384578063
113,2016,2,Moorabbin Airport VIC,0.732758621
114,2016,3,Essendon Airport VIC,1.077419355
115,2016,3,Melbourne Olympic Park VIC,1.28016129
116,2016,3,Moorabbin Airport VIC,1.357634409
117,2016,4,Essendon Airport VIC,1.26
118,2016,4,Melbourne Olympic Park VIC,1.565833333
119,2016,4,Moorabbin Airport VIC,1.92039075
120,2016,5,Essendon Airport VIC,1.625806452
121,2016,5,Melbourne Olympic Park VIC,2.416031281
122,2016,5,Moorabbin Airport VIC,2.458064516
123,2016,6,Essendon Airport VIC,2.142197802
124,2016,6,Melbourne Olympic Park VIC,2.533836996
125,2016,6,Moorabbin Airport VIC,3.076611722
126,2016,7,Essendon Airport VIC,2.477419355
127,2016,7,Melbourne Olympic Park VIC,2.506073958
128,2016,7,Moorabbin Airport VIC,2.835483871
129,2016,8,Essendon Airport VIC,1.896774194
130,2016,8,Melbourne Olympic Park VIC,2.294793643
131,2016,8,Moorabbin Airport VIC,2.589231499
132,2016,9,Essendon Airport VIC,3.388126036
133,2016,9,Melbourne Olympic Park VIC,3.286252073
134,2016,9,Moorabbin Airport VIC,3.086666667
135,2016,10,Essendon Airport VIC,2.263247553
136,2016,10,Melbourne Olympic Park VIC,2.366944545
137,2016,10,Moorabbin Airport VIC,2.95527365
138,2016,11,Essendon Airport VIC,1.213333333
139,2016,11,Melbourne Olympic Park VIC,1.373712121
140,2016,11,Moorabbin Airport VIC,1.585681818
141,2016,12,Essendon Airport VIC,1.032976959
142,2016,12,Melbourne Olympic Park VIC,1.877898618
143,2016,12,Moorabbin Airport VIC,2.053714286
144,2017,1,Essendon Airport VIC,0.890413877
145,2017,1,Melbourne Olympic Park VIC,1.053294279
146,2017,1,Moorabbin Airport VIC,1.308110164
147,2017,2,Essendon Airport VIC,1.614285714
148,2017,2,Melbourne Olympic Park VIC,1.705245536
149,2017,2,Moorabbin Airport VIC,2.333928571
150,2017,3,Essendon Airport VIC,0.867741935
151,2017,3,Melbourne Olympic Park VIC,1.022580645
152,2017,3,Moorabbin Airport VIC,1.558064516
153,2017,4,Essendon Airport VIC,4.235231023
154,2017,4,Melbourne Olympic Park VIC,4.282487624
155,2017,4,Moorabbin Airport VIC,3.866666667
156,2017,5,Essendon Airport VIC,0.559339103
157,2017,5,Melbourne Olympic Park VIC,0.917572777
158,2017,5,Moorabbin Airport VIC,1.279331235
159,2017,6,Essendon Airport VIC,0.72
160,2017,6,Melbourne Olympic Park VIC,0.691666667
161,2017,6,Moorabbin Airport VIC,0.866666667
162,2017,7,Essendon Airport VIC,0.690322581
163,2017,7,Melbourne Olympic Park VIC,1.134580954
164,2017,7,Moorabbin Airport VIC,1.274193548
165,2017,8,Essendon Airport VIC,1.662174554
166,2017,8,Melbourne Olympic Park VIC,2.106017685
167,2017,8,Moorabbin Airport VIC,2.338857049
168,2017,9,Essendon Airport VIC,1.544300518
169,2017,9,Melbourne Olympic Park VIC,1.556813472
170,2017,9,Moorabbin Airport VIC,1.415
171,2017,10,Essendon Airport VIC,1.525806452
172,2017,10,Melbourne Olympic Park VIC,1.488686745
173,2017,10,Moorabbin Airport VIC,1.682235132
174,2017,11,Essendon Airport VIC,1.050625
175,2017,11,Melbourne Olympic Park VIC,1.841006944
176,2017,11,Moorabbin Airport VIC,1.647881944
177,2017,12,Essendon Airport VIC,4.667741935
178,2017,12,Melbourne Olympic Park VIC,4.229999236
179,2017,12,Moorabbin Airport VIC,4.267741935
180,2018,1,Essendon Airport VIC,1.922580645
181,2018,1,Melbourne Olympic Park VIC,2.374893988
182,2018,1,Moorabbin Airport VIC,1.265917007
183,2018,2,Essendon Airport VIC,0.071428571
184,2018,2,Melbourne Olympic Park VIC,0.075150376
185,2018,2,Moorabbin Airport VIC,0.057142857
186,2018,3,Essendon Airport VIC,0.887880184
187,2018,3,Melbourne Olympic Park VIC,0.828202765
188,2018,3,Moorabbin Airport VIC,0.784654378
189,2018,4,Essendon Airport VIC,0.532598039
190,2018,4,Melbourne Olympic Park VIC,0.584044118
191,2018,4,Moorabbin Airport VIC,0.639877451
192,2018,5,Essendon Airport VIC,1.983617963
193,2018,5,Melbourne Olympic Park VIC,2.152941176
194,2018,5,Moorabbin Airport VIC,2.388583175
195,2018,6,Essendon Airport VIC,1.903554422
196,2018,6,Melbourne Olympic Park VIC,1.536943027
197,2018,6,Moorabbin Airport VIC,1.94755102
198,2018,7,Essendon Airport VIC,0.645081444
199,2018,7,Melbourne Olympic Park VIC,0.790969339
200,2018,7,Moorabbin Airport VIC,1.236857234
201,2018,8,Essendon Airport VIC,1.68
202,2018,8,Melbourne Olympic Park VIC,1.586129032
203,2018,8,Moorabbin Airport VIC,1.867741935
204,2018,9,Essendon Airport VIC,0.484145937
205,2018,9,Melbourne Olympic Park VIC,0.614145937
206,2018,9,Moorabbin Airport VIC,0.714958541
207,2018,10,Essendon Airport VIC,0.687096774
208,2018,10,Melbourne Olympic Park VIC,0.74937907
209,2018,10,Moorabbin Airport VIC,0.890322581
210,2018,11,Essendon Airport VIC,3.7
211,2018,11,Melbourne Olympic Park VIC,3.37784219
212,2018,11,Moorabbin Airport VIC,4.591175523
213,2018,12,Essendon Airport VIC,2.826264942
214,2018,12,Melbourne Olympic Park VIC,3.695844932
215,2018,12,Moorabbin Airport VIC,3.144923858
216,2019,1,Essendon Airport VIC,0.290322581
217,2019,1,Melbourne Olympic Park VIC,0.346573527
218,2019,1,Moorabbin Airport VIC,0.343147054
219,2019,2,Essendon Airport VIC,0.564848485
220,2019,2,Melbourne Olympic Park VIC,0.506515152
221,2019,2,Moorabbin Airport VIC,0.681515152
222,2019,3,Essendon Airport VIC,0.351612903
223,2019,3,Melbourne Olympic Park VIC,0.510491625
224,2019,3,Moorabbin Airport VIC,1.312104529
225,2019,4,Essendon Airport VIC,0.583333333
226,2019,4,Melbourne Olympic Park VIC,0.457780488
227,2019,4,Moorabbin Airport VIC,0.776674797
228,2019,5,Essendon Airport VIC,2.148336163
229,2019,5,Melbourne Olympic Park VIC,2.481184211
230,2019,5,Moorabbin Airport VIC,2.707937182
231,2019,6,Essendon Airport VIC,2.05
232,2019,6,Melbourne Olympic Park VIC,1.954486532
233,2019,6,Moorabbin Airport VIC,2.635218855
234,2019,7,Essendon Airport VIC,1.7
235,2019,7,Melbourne Olympic Park VIC,1.638529596
236,2019,7,Moorabbin Airport VIC,2.111775759
237,2019,8,Essendon Airport VIC,2.05629192
238,2019,8,Melbourne Olympic Park VIC,2.003804695
239,2019,8,Moorabbin Airport VIC,2.600135739
240,2019,9,Essendon Airport VIC,1.716035088
241,2019,9,Melbourne Olympic Park VIC,1.835399123
242,2019,9,Moorabbin Airport VIC,2.454605263
243,2019,10,Essendon Airport VIC,0.907066052
244,2019,10,Melbourne Olympic Park VIC,0.822580645
245,2019,10,Moorabbin Airport VIC,1.134639017
246,2019,11,Essendon Airport VIC,1.783333333
247,2019,11,Melbourne Olympic Park VIC,2.09400165
248,2019,11,Moorabbin Airport VIC,2.142112211
249,2019,12,Essendon Airport VIC,0.196774194
250,2019,12,Melbourne Olympic Park VIC,0.255908954
251,2019,12,Moorabbin Airport VIC,0.361290323
252,2020,1,Essendon Airport VIC,4.261290323
253,2020,1,Melbourne Olympic Park VIC,3.972383856
254,2020,1,Moorabbin Airport VIC,3.487505788
255,2020,2,Essendon Airport VIC,1.965517241
256,2020,2,Melbourne Olympic Park VIC,2.767630868
257,2020,2,Moorabbin Airport VIC,3.136497715
258,2020,3,Essendon Airport VIC,2.658064516
259,2020,3,Melbourne Olympic Park VIC,1.903103501
260,2020,3,Moorabbin Airport VIC,2.551490598
261,2020,4,Essendon Airport VIC,4.523333333
262,2020,4,Melbourne Olympic Park VIC,5.229538835
263,2020,4,Moorabbin Airport VIC,6.043333333
264,2020,5,Essendon Airport VIC,2.103225806
265,2020,5,Melbourne Olympic Park VIC,1.987096774
266,2020,5,Moorabbin Airport VIC,2.508147037
267,2020,6,Essendon Airport VIC,0.806666667
268,2020,6,Melbourne Olympic Park VIC,0.83975
269,2020,6,Moorabbin Airport VIC,1.653416667
270,2020,7,Essendon Airport VIC,0.767741935
271,2020,7,Melbourne Olympic Park VIC,1.135461218
272,2020,7,Moorabbin Airport VIC,1.138184125
273,2020,8,Essendon Airport VIC,2.534325432
274,2020,8,Melbourne Olympic Park VIC,2.123351453
275,2020,8,Moorabbin Airport VIC,2.727570843
276,2020,9,Essendon Airport VIC,1.251317829
277,2020,9,Melbourne Olympic Park VIC,1.225930233
278,2020,9,Moorabbin Airport VIC,1.541666667
279,2020,10,Essendon Airport VIC,2.012903226
280,2020,10,Melbourne Olympic Park VIC,2.449938304
281,2020,10,Moorabbin Airport VIC,3.023453199
282,2020,11,Essendon Airport VIC,1.781628788
283,2020,11,Melbourne Olympic Park VIC,1.743096591
284,2020,11,Moorabbin Airport VIC,2.213333333
285,2020,12,Essendon Airport VIC,1.277419355
286,2020,12,Melbourne Olympic Park VIC,1.581285714
287,2020,12,Moorabbin Airport VIC,1.850718894
288,2021,1,Essendon Airport VIC,2.785821813
289,2021,1,Melbourne Olympic Park VIC,2.887434716
290,2021,1,Moorabbin Airport VIC,2.843886329
291,2021,2,Essendon Airport VIC,0.539285714
292,2021,2,Melbourne Olympic Park VIC,0.310714286
293,2021,2,Moorabbin Airport VIC,0.510723443
294,2021,3,Essendon Airport VIC,1.470967742
295,2021,3,Melbourne Olympic Park VIC,2.029109801
296,2021,3,Moorabbin Airport VIC,2.270238834
297,2021,4,Essendon Airport VIC,1.496666667
298,2021,4,Melbourne Olympic Park VIC,1.586914191
299,2021,4,Moorabbin Airport VIC,1.870165017
300,2021,5,Essendon Airport VIC,2.476590869
301,2021,5,Melbourne Olympic Park VIC,2.156989247
302,2021,5,Moorabbin Airport VIC,1.637696104
303,2021,6,Essendon Airport VIC,1.75280303
304,2021,6,Melbourne Olympic Park VIC,1.718888889
305,2021,6,Moorabbin Airport VIC,2.821401515
306,2021,7,Essendon Airport VIC,1.277992832
307,2021,7,Melbourne Olympic Park VIC,1.17223417
308,2021,7,Moorabbin Airport VIC,1.529318996
309,2021,8,Essendon Airport VIC,1.429103547
310,2021,8,Melbourne Olympic Park VIC,1.698924731
311,2021,8,Moorabbin Airport VIC,1.840376047
312,2021,9,Essendon Airport VIC,2.397126437
313,2021,9,Melbourne Olympic Park VIC,2.273333333
314,2021,9,Moorabbin Airport VIC,2.905229885
315,2021,10,Essendon Airport VIC,3.2
316,2021,10,Melbourne Olympic Park VIC,3.63655914
317,2021,10,Moorabbin Airport VIC,4.233269398
318,2021,11,Essendon Airport VIC,2.601787709
319,2021,11,Melbourne Olympic Park VIC,3.351111111
320,2021,11,Moorabbin Airport VIC,3.733333333
321,2021,12,Essendon Airport VIC,1.44516129
322,2021,12,Melbourne Olympic Park VIC,0.775268817
323,2021,12,Moorabbin Airport VIC,0.743164778
324,2022,1,Essendon Airport VIC,2.334267583
325,2022,1,Melbourne Olympic Park VIC,2.551612903
326,2022,1,Moorabbin Airport VIC,2.567741935
327,2022,2,Essendon Airport VIC,0.210714286
328,2022,2,Melbourne Olympic Park VIC,0.18452381
329,2022,2,Moorabbin Airport VIC,0.366958939
330,2022,3,Essendon Airport VIC,2.180875576
331,2022,3,Melbourne Olympic Park VIC,1.754147465
332,2022,3,Moorabbin Airport VIC,2.085483871
333,2022,4,Essendon Airport VIC,2.674180791
334,2022,4,Melbourne Olympic Park VIC,2.531111111
335,2022,4,Moorabbin Airport VIC,2.891666667
336,2022,5,Essendon Airport VIC,0.634589762
337,2022,5,Melbourne Olympic Park VIC,0.879569892
338,2022,5,Moorabbin Airport VIC,0.980198107
339,2022,6,Essendon Airport VIC,1.911007752
340,2022,6,Melbourne Olympic Park VIC,1.855452196
341,2022,6,Moorabbin Airport VIC,2.156666667
342,2022,7,Essendon Airport VIC,1.635252183
343,2022,7,Melbourne Olympic Park VIC,1.383870968
344,2022,7,Moorabbin Airport VIC,1.399385136
345,2022,8,Essendon Airport VIC,2.129032258
346,2022,8,Melbourne Olympic Park VIC,2.300112874
347,2022,8,Moorabbin Airport VIC,3.068187489
348,2022,9,Essendon Airport VIC,1.9
349,2022,9,Melbourne Olympic Park VIC,1.59
350,2022,9,Moorabbin Airport VIC,1.64
351,2022,10,Essendon Airport VIC,4.387096774
352,2022,10,Melbourne Olympic Park VIC,5.302883138
353,2022,10,Moorabbin Airport VIC,5.953225806
354,2022,11,Essendon Airport VIC,3.225761079
355,2022,11,Melbourne Olympic Park VIC,2.82879255
356,2022,11,Moorabbin Airport VIC,3.962427746
357,2022,12,Essendon Airport VIC,1.71893039
358,2022,12,Melbourne Olympic Park VIC,1.561785512
359,2022,12,Moorabbin Airport VIC,2.028119694
360,2023,1,Essendon Airport VIC,0.509677419
361,2023,1,Melbourne Olympic Park VIC,0.7
362,2023,1,Moorabbin Airport VIC,0.634505553
363,2023,2,Essendon Airport VIC,0.75
364,2023,2,Melbourne Olympic Park VIC,0.942053754
365,2023,2,Moorabbin Airport VIC,1.344434706
366,2023,3,Essendon Airport VIC,1.458064516
367,2023,3,Melbourne Olympic Park VIC,1.706169575
368,2023,3,Moorabbin Airport VIC,1.772369117
369,2023,4,Essendon Airport VIC,2.753333333
370,2023,4,Melbourne Olympic Park VIC,3.472164419
371,2023,4,Moorabbin Airport VIC,3.686184971
372,2023,5,Essendon Airport VIC,2.096774194
373,2023,5,Melbourne Olympic Park VIC,2.971517458
374,2023,5,Moorabbin Airport VIC,3.216246829
375,2023,6,Essendon Airport VIC,1.64
376,2023,6,Melbourne Olympic Park VIC,2.091669878
377,2023,6,Moorabbin Airport VIC,1.678333333
378,2023,7,Essendon Airport VIC,0.648387097
379,2023,7,Melbourne Olympic Park VIC,0.775386979
380,2023,7,Moorabbin Airport VIC,0.770967742
381,2023,8,Essendon Airport VIC,0.935483871
382,2023,8,Melbourne Olympic Park VIC,0.856871086
383,2023,8,Moorabbin Airport VIC,0.938709677
384,2023,9,Essendon Airport VIC,0.373333333
385,2023,9,Melbourne Olympic Park VIC,0.513333333
386,2023,9,Moorabbin Airport VIC,0.646142322
387,2023,10,Essendon Airport VIC,2.493692557
388,2023,10,Melbourne Olympic Park VIC,2.81087283
389,2023,10,Moorabbin Airport VIC,2.943548387
390,2023,11,Essendon Airport VIC,1.44
391,2023,11,Melbourne Olympic Park VIC,1.441540404
392,2023,11,Moorabbin Airport VIC,1.646666667
393,2023,12,Essendon Airport VIC,3.029701023
394,2023,12,Melbourne Olympic Park VIC,2.272102019
395,2023,12,Moorabbin Airport VIC,2.45809402
396,2024,1,Essendon Airport VIC,3.23931563
397,2024,1,Melbourne Olympic Park VIC,3.573219272
398,2024,1,Moorabbin Airport VIC,4.148690073
399,2024,2,Essendon Airport VIC,0.379310345
400,2024,2,Melbourne Olympic Park VIC,0.235739107
401,2024,2,Moorabbin Airport VIC,0.520689655
402,2024,3,Essendon Airport VIC,0.341722793
403,2024,3,Melbourne Olympic Park VIC,0.103225806
404,2024,3,Moorabbin Airport VIC,0.264409784
405,2024,4,Essendon Airport VIC,3.236666667
406,2024,4,Melbourne Olympic Park VIC,4.016941323
407,2024,4,Moorabbin Airport VIC,4.543333333
408,2024,5,Essendon Airport VIC,1.237858915
409,2024,5,Melbourne Olympic Park VIC,0.930899208
410,2024,5,Moorabbin Airport VIC,1.09516129
411,2024,6,Essendon Airport VIC,0.35
412,2024,6,Melbourne Olympic Park VIC,0.747777778
413,2024,6,Moorabbin Airport VIC,1.598333333
414,2024,7,Essendon Airport VIC,2.438392691
415,2024,7,Melbourne Olympic Park VIC,2.605570152
416,2024,7,Moorabbin Airport VIC,3.636453478
417,2024,8,Melbourne Olympic Park VIC,1.088861318
418,2024,8,Moorabbin Airport VIC,0.570967742
419,2024,9,Melbourne Olympic Park VIC,0.890909091
420,2024,9,Moorabbin Airport VIC,2.247058824
